{"stats":{"minecraft:killed":{"undead_revamp2:thewolf":1,"fight_or_die:springer":11,"born_in_chaos_v1:siamese_skeletonsright":1,"undead_revamp2:theswarmer":1,"minecraft:skeleton":2,"fight_or_die:mutated_fox":1,"undead_revamp2:thepregnant":1,"fight_or_die:mutated_cow_head":1,"undead_revamp2:thespitter":2,"fight_or_die:mutated_cow":8,"fight_or_die:mutated_villager":4,"minecraft:zombie":11,"born_in_chaos_v1:dread_hound":2,"born_in_chaos_v1:corpse_fly":4,"fight_or_die:mutated_player":8,"fight_or_die:mutated_enderman":3,"endofherobrine:cow":1,"minecraft:cow":4,"fight_or_die:mutated_creeper":1,"fight_or_die:mutated_human_head":2,"born_in_chaos_v1:maggot":2,"fight_or_die:mutated_human":6,"fight_or_die:mutated_sheep":3,"fight_or_die:shiller":9,"minecraft:drowned":2,"born_in_chaos_v1:corpse_fish":4,"undead_revamp2:sucker":4,"fight_or_die:mutated_villager_head":2,"born_in_chaos_v1:fallen_chaos_knight":1,"endofherobrine:villager":1,"undead_revamp2:the_moonflower":1,"minecraft:bat":1,"fight_or_die:mutated_player_head":3,"minecraft:enderman":1},"minecraft:picked_up":{"minecraft:iron_chestplate":3,"minecraft:wheat":200,"minecraft:wither_rose":1,"minecraft:brewing_stand":4,"born_in_chaos_v1:black_argillite":4,"minecraft:string":7,"minecraft:raw_copper":2,"minecraft:iron_leggings":4,"vanillaplustools:stone_shovel":2,"minecraft:gold_nugget":6,"minecraft:cobbled_deepslate":4421,"biomesoplenty:fir_planks":155,"minecraft:wooden_shovel":2,"minecraft:iron_pickaxe":3,"minecraft:mangrove_log":1,"minecraft:iron_boots":3,"minecraft:furnace":1,"minecraft:stick":161,"apotheosis:gem":3,"born_in_chaos_v1:shattered_skull":1,"minecraft:torch":345,"minecraft:cherry_log":2,"minecraft:diorite":116,"born_in_chaos_v1:nightmare_claw":1,"minecraft:stone_sword":8,"minecraft:rotten_flesh":103,"minecraft:obsidian":13,"minecraft:cod":1,"undead_revamp2:arapholia":5,"minecraft:snowball":273,"minecraft:cobblestone":12277,"paraglider:paraglider":1,"minecraft:cooked_beef":5,"fight_or_die:springer_fragment":3,"minecraft:water_bucket":1,"minecraft:andesite":60,"minecraft:potato":86,"biomesoplenty:fir_sapling":160,"biomesoplenty:fir_log":1162,"minecraft:flint":153,"minecraft:tuff":39,"undead_revamp2:huntereye":1,"minecraft:lapis_lazuli":144,"minecraft:dirt":2665,"born_in_chaos_v1:nightmare_stalker_skull":1,"born_in_chaos_v1:monster_skin":2,"minecraft:bone":27,"minecraft:bow":2,"minecraft:stonecutter":1,"minecraft:wheat_seeds":261,"minecraft:raw_gold":11,"minecraft:stone_hoe":1,"minecraft:oak_planks":40,"biomesoplenty:toadstool":2,"patchouli:guide_book":1,"minecraft:poisonous_potato":2,"minecraft:sand":22,"minecraft:grass_block":1,"minecraft:fermented_spider_eye":1,"undead_revamp2:heavytooth":2,"man:tearoftheman":1,"minecraft:diamond":20,"minecraft:granite":28,"minecraft:bone_meal":1,"minecraft:emerald":7,"minecraft:bread":22,"minecraft:oak_sapling":6,"born_in_chaos_v1:rotten_fish":3,"minecraft:netherrack":2,"minecraft:diamond_pickaxe":2,"minecraft:fishing_rod":1,"minecraft:ladder":3,"minecraft:nether_wart":3,"born_in_chaos_v1:river_mint":7,"minecraft:turtle_helmet":2,"born_in_chaos_v1:seedof_chaos":3,"minecraft:wooden_pickaxe":3,"minecraft:shield":3,"minecraft:cornflower":1,"minecraft:iron_axe":1,"born_in_chaos_v1:intoxicating_decoction":2,"minecraft:beef":11,"born_in_chaos_v1:gnawed_bones":1,"minecraft:chest":1,"minecraft:egg":5,"fight_or_die:ripping_flesh":12,"minecraft:raw_iron":255,"minecraft:sandstone":6,"minecraft:copper_ingot":1,"minecraft:trident":2,"born_in_chaos_v1:pieceofdarkmetal":10,"minecraft:carrot":234,"minecraft:redstone":124,"minecraft:arrow":11,"simplyswords:iron_scythe":2,"minecraft:hay_block":47,"minecraft:glow_berries":1,"born_in_chaos_v1:fused_bone":1,"born_in_chaos_v1:corpse_maggot":11,"born_in_chaos_v1:monster_flesh":5,"minecraft:leather":7,"rlovelyr:dragon_spawn":1,"simplyswords:iron_claymore":1,"minecraft:oak_log":18,"dixtas_armory:iron_battle_axe":2,"minecraft:cobblestone_wall":2,"minecraft:yellow_bed":3,"minecraft:gunpowder":4,"minecraft:cobblestone_stairs":12,"mca:book_romance":1,"minecraft:wooden_hoe":1,"minecraft:white_banner":2,"minecraft:stone_pickaxe":2,"born_in_chaos_v1:smoked_flesh":27,"minecraft:iron_ingot":8,"minecraft:iron_sword":6,"minecraft:smooth_basalt":4,"born_in_chaos_v1:ethereal_spirit":2,"minecraft:gravel":1194,"rlovelyr:kitsune_spawn":2,"minecraft:white_bed":15,"minecraft:crying_obsidian":5,"fight_or_die:sickened_heart":3,"minecraft:spider_eye":1,"undead_revamp2:rawbostrox":4,"minecraft:slime_ball":7,"minecraft:stone_axe":2,"minecraft:chainmail_leggings":1,"dixtas_armory:iron_katana":1,"minecraft:iron_helmet":3,"minecraft:scute":1,"vanillaplustools:stone_hammer":10,"minecraft:coal":476,"minecraft:wooden_axe":2},"minecraft:custom":{"minecraft:animals_bred":1,"minecraft:interact_with_crafting_table":125,"minecraft:leave_game":20,"minecraft:time_since_death":7450,"minecraft:damage_resisted":0,"minecraft:sprint_one_cm":1355819,"minecraft:damage_blocked_by_shield":2010,"minecraft:drop":89,"minecraft:talked_to_villager":1,"minecraft:play_time":616343,"minecraft:deaths":41,"minecraft:jump":6174,"minecraft:interact_with_brewingstand":1,"minecraft:walk_on_water_one_cm":35687,"minecraft:interact_with_furnace":88,"minecraft:sleep_in_bed":35,"minecraft:damage_dealt":19637,"minecraft:crouch_one_cm":41669,"minecraft:interact_with_smoker":72,"minecraft:mob_kills":142,"minecraft:damage_dealt_resisted":1282,"minecraft:climb_one_cm":209068,"minecraft:walk_one_cm":1946281,"minecraft:sneak_time":20088,"minecraft:walk_under_water_one_cm":29986,"minecraft:total_world_time":616343,"minecraft:raid_trigger":1,"minecraft:interact_with_stonecutter":3,"minecraft:time_since_rest":7499,"minecraft:damage_taken":16193,"minecraft:swim_one_cm":48617,"minecraft:fly_one_cm":982671,"minecraft:open_chest":396,"minecraft:fall_one_cm":133998},"minecraft:broken":{"vanillaplustools:iron_hammer":3,"minecraft:iron_boots":1,"minecraft:iron_chestplate":1,"minecraft:iron_leggings":1,"minecraft:stone_pickaxe":1,"vanillaplustools:iron_shovel":3,"minecraft:stone_axe":1,"minecraft:wooden_axe":1,"minecraft:shield":1,"vanillaplustools:stone_hammer":7,"vanillaplustools:stone_shovel":1},"minecraft:crafted":{"minecraft:oak_planks":60,"minecraft:stone":27,"dixtas_armory:iron_battle_axe":1,"minecraft:glass":6,"vanillaplustools:iron_hammer":3,"minecraft:chest":29,"vanillaplustools:stone_shovel":2,"minecraft:stone_hoe":1,"minecraft:smoker":3,"minecraft:wooden_shovel":2,"born_in_chaos_v1:smoked_fish":6,"minecraft:cooked_porkchop":5,"minecraft:crafting_table":12,"minecraft:wooden_pickaxe":2,"minecraft:baked_potato":32,"minecraft:clock":1,"minecraft:hay_block":25,"rlovelyr:kitsune_spawn":1,"simplyswords:iron_scythe":1,"biomesoplenty:fir_planks":1064,"minecraft:iron_chestplate":2,"minecraft:wooden_hoe":1,"minecraft:diamond_pickaxe":1,"minecraft:charcoal":33,"minecraft:shield":2,"minecraft:stick":980,"born_in_chaos_v1:smoked_flesh":49,"minecraft:iron_ingot":262,"minecraft:iron_pickaxe":27,"minecraft:stone_sword":3,"minecraft:snow_block":91,"minecraft:gold_ingot":16,"minecraft:shears":1,"biomesoplenty:fir_door":6,"minecraft:stone_shovel":19,"vanillaplustools:stone_hammer":8,"vanillaplustools:iron_shovel":4,"minecraft:furnace":7,"minecraft:bone_meal":15,"minecraft:glass_pane":16,"minecraft:flint_and_steel":1,"minecraft:iron_axe":1,"minecraft:ladder":186,"born_in_chaos_v1:fried_maggot":15,"minecraft:stone_pickaxe":64,"minecraft:cobblestone_wall":60,"minecraft:redstone_block":1,"minecraft:wheat":36,"minecraft:cooked_beef":9,"paraglider:paraglider":1,"minecraft:cooked_cod":1,"minecraft:enchanting_table":1,"minecraft:iron_sword":1,"minecraft:bucket":3,"minecraft:stone_axe":2,"minecraft:bread":46,"minecraft:air":0,"minecraft:wooden_axe":1,"minecraft:iron_shovel":36,"minecraft:stonecutter":1,"minecraft:note_block":1,"minecraft:torch":616,"dixtas_armory:iron_katana":1,"biomesoplenty:fir_fence_gate":2,"rlovelyr:robot_core":1},"minecraft:dropped":{"biomesoplenty:fir_log":52,"minecraft:iron_sword":1,"minecraft:cooked_beef":8,"minecraft:dirt":193,"minecraft:cobbled_deepslate":2,"born_in_chaos_v1:smoked_fish":6,"minecraft:wheat":1,"born_in_chaos_v1:smoked_flesh":8,"minecraft:oak_planks":12,"minecraft:white_bed":1,"dixtas_armory:iron_katana":1,"apotheosis:gem":1,"minecraft:ladder":6,"vanillaplustools:stone_hammer":2,"fight_or_die:ripping_flesh":1,"dixtas_armory:iron_battle_axe":1,"minecraft:water_bucket":1,"minecraft:iron_ingot":7,"minecraft:bread":24,"minecraft:wheat_seeds":42,"minecraft:cobblestone":100,"minecraft:granite":11,"vanillaplustools:iron_shovel":1,"minecraft:stick":66,"fight_or_die:springer_fragment":1,"born_in_chaos_v1:black_argillite":4,"minecraft:diorite":20,"born_in_chaos_v1:river_mint":1,"minecraft:torch":126,"minecraft:chainmail_leggings":1,"minecraft:string":3,"minecraft:stone_sword":2,"minecraft:stone_shovel":1,"simplyswords:iron_scythe":1,"minecraft:shield":2,"biomesoplenty:fir_planks":136,"minecraft:iron_chestplate":1,"minecraft:oak_sapling":3,"fight_or_die:sickened_heart":1,"minecraft:stone_pickaxe":1,"rlovelyr:dragon_spawn":1},"minecraft:killed_by":{"arphex:spider_moth_dweller":1,"man:managgresive":2,"undead_revamp2:bomber":1,"fight_or_die:mutated_human":3,"undead_revamp2:thesmoker":1,"undead_revamp2:thepregnant":1,"undead_revamp2:theheavy":1,"minecraft:player":2,"born_in_chaos_v1:pumpkin_spirit":1,"fight_or_die:mutated_enderman":3,"minecraft:iron_golem":1,"born_in_chaos_v1:barrel_zombie":1,"undead_revamp2:thespitter":1,"born_in_chaos_v1:bonescaller":2,"fight_or_die:springer":3,"fight_or_die:mutated_player":1,"minecraft:skeleton":2,"born_in_chaos_v1:corpse_fish":1,"cave_dweller:cave_dweller":2,"fight_or_die:mutated_fox":1,"arphex:spider_moth_larvae":2},"minecraft:mined":{"minecraft:white_bed":13,"minecraft:cobblestone_stairs":8,"minecraft:brewing_stand":1,"minecraft:obsidian":13,"minecraft:granite":28,"minecraft:grass_block":1576,"fight_or_die:blood_splash1":14,"minecraft:iron_ore":224,"minecraft:fire":2,"minecraft:deepslate_lapis_ore":15,"minecraft:deepslate_redstone_ore":17,"minecraft:torch":13,"minecraft:white_stained_glass_pane":1,"minecraft:cobblestone":185,"minecraft:wall_torch":13,"minecraft:wheat":34,"born_in_chaos_v1:river_mint":2,"biomesoplenty:fir_log":6,"minecraft:yellow_stained_glass_pane":1,"minecraft:grass":195,"minecraft:oak_log":6,"minecraft:sand":22,"minecraft:dirt":1389,"biomesoplenty:fir_sapling":1,"minecraft:smooth_basalt":4,"minecraft:stonecutter":1,"minecraft:netherrack":3,"minecraft:deepslate":3402,"minecraft:crying_obsidian":5,"minecraft:tuff":55,"minecraft:deepslate_diamond_ore":26,"born_in_chaos_v1:black_argillite":4,"minecraft:sandstone":4,"minecraft:hay_block":27,"minecraft:redstone_ore":4,"minecraft:furnace":1,"minecraft:carrots":7,"biomesoplenty:toadstool":2,"minecraft:snow":262,"minecraft:andesite":62,"minecraft:potatoes":18,"minecraft:deepslate_iron_ore":37,"minecraft:stone":11961,"minecraft:emerald_ore":4,"minecraft:tall_grass":44,"minecraft:copper_ore":1,"minecraft:deepslate_coal_ore":6,"minecraft:deepslate_gold_ore":9,"minecraft:diorite":126,"minecraft:cobblestone_wall":2,"minecraft:ice":8,"fight_or_die:blood_splash2":19,"minecraft:yellow_bed":2,"minecraft:coal_ore":460,"minecraft:gravel":1296,"minecraft:gold_ore":2,"minecraft:fern":10},"minecraft:used":{"minecraft:ladder":111,"minecraft:chest":19,"minecraft:shield":31,"minecraft:iron_sword":274,"minecraft:iron_chestplate":2,"minecraft:carrot":72,"minecraft:obsidian":7,"vanillaplustools:iron_shovel":787,"born_in_chaos_v1:smoked_flesh":55,"biomesoplenty:fir_sapling":20,"minecraft:iron_helmet":1,"simplyswords:iron_scythe":107,"minecraft:bow":3,"minecraft:furnace":5,"biomesoplenty:fir_fence_gate":2,"minecraft:egg":1,"minecraft:potato":22,"minecraft:diorite":1,"minecraft:stone_pickaxe":36,"minecraft:wooden_pickaxe":11,"minecraft:sandstone":3,"biomesoplenty:fir_planks":2,"minecraft:sugar_cane":12,"minecraft:glow_berries":1,"dixtas_armory:iron_katana":23,"minecraft:bread":37,"minecraft:andesite":9,"minecraft:bone_meal":16,"minecraft:stone_sword":37,"simplyswords:iron_claymore":22,"minecraft:flint_and_steel":3,"born_in_chaos_v1:smoked_fish":12,"vanillaplustools:stone_hammer":1409,"minecraft:wooden_shovel":30,"born_in_chaos_v1:fried_maggot":15,"minecraft:stone_hoe":27,"minecraft:torch":348,"minecraft:dirt":627,"minecraft:cobblestone_wall":34,"minecraft:iron_axe":3,"minecraft:cooked_beef":1,"minecraft:cobbled_deepslate":2,"minecraft:iron_leggings":1,"minecraft:wheat_seeds":33,"minecraft:water_bucket":3,"minecraft:cobblestone_stairs":51,"minecraft:baked_potato":12,"minecraft:stonecutter":2,"minecraft:crafting_table":12,"vanillaplustools:stone_shovel":139,"minecraft:white_bed":14,"rlovelyr:kitsune_spawn":2,"minecraft:smoker":3,"minecraft:wooden_hoe":118,"minecraft:diamond_pickaxe":197,"minecraft:iron_pickaxe":8,"minecraft:stone_axe":7,"minecraft:cobblestone":159,"biomesoplenty:fir_door":4,"vanillaplustools:iron_hammer":751,"minecraft:white_banner":1,"minecraft:cooked_porkchop":5,"minecraft:bucket":4,"minecraft:yellow_bed":3,"dixtas_armory:iron_battle_axe":95}},"DataVersion":3465}