{"stats":{"minecraft:used":{"minecraft:ladder":169,"minecraft:chest":25,"minecraft:stone":78,"minecraft:tube_coral":4,"minecraft:soul_sand":21,"minecraft:deepslate_brick_slab":12,"endofherobrine:lurker_spawn_egg":1,"minecraft:snowball":6,"born_in_chaos_v1:smoked_flesh":234,"minecraft:villager_spawn_egg":14,"minecraft:stone_brick_stairs":10,"biomesoplenty:mahogany_sapling":1,"simplyswords:iron_scythe":112,"minecraft:bow":42,"minecraft:furnace":24,"minecraft:egg":3,"minecraft:potato":24,"minecraft:diorite":1,"minecraft:wooden_pickaxe":11,"simplyswords:emberblade":4,"man:manfromthefog_spawn_egg":2,"minecraft:glow_berries":1,"mca:female_villager_spawn_egg":9,"buildinggadgets2:template_manager":1,"minecraft:deepslate_brick_stairs":3,"dixtas_armory:iron_katana":23,"biomesoplenty:yellow_autumn_sapling":1,"minecraft:diamond_sword":162,"biomesoplenty:fir_sign":19,"minecraft:enchanting_table":1,"minecraft:stone_sword":100,"born_in_chaos_v1:smoked_fish":12,"vanillaplustools:stone_hammer":1409,"born_in_chaos_v1:fried_maggot":15,"minecraft:netherrack":65,"minecraft:torch":781,"minecraft:nether_brick_slab":42,"minecraft:nether_brick_stairs":396,"minecraft:iron_axe":43,"undead_revamp2:huntereye":4,"minecraft:cobbled_deepslate":2,"minecraft:wheat_seeds":33,"endofherobrine:skeleton_spawn_egg":1,"minecraft:water_bucket":34,"minecraft:lead":1,"vanillaplustools:netherite_hammer":1652,"minecraft:deepslate_bricks":1874,"undead_revamp2:the_moonflower_spawn_egg":1,"minecraft:crafting_table":15,"vanillaplustools:stone_shovel":454,"minecraft:white_bed":16,"minecraft:diamond_pickaxe":360,"minecraft:iron_pickaxe":197,"minecraft:pig_spawn_egg":3,"minecraft:cobblestone":2156,"vanillaplustools:iron_hammer":751,"minecraft:cooked_porkchop":5,"minecraft:glass_pane":31,"minecraft:kelp":620,"minecraft:iron_shovel":131,"minecraft:shield":31,"minecraft:iron_sword":274,"minecraft:nether_wart":7,"mcwdoors:sliding_glass_door":2,"minecraft:iron_chestplate":2,"deep_dark_regrowth:stone_tiles":36,"minecraft:nether_bricks":65,"minecraft:carrot":233,"minecraft:obsidian":7,"vanillaplustools:iron_shovel":845,"minecraft:glass":6,"biomesoplenty:palm_sapling":1,"biomesoplenty:fir_sapling":20,"minecraft:lantern":28,"minecraft:iron_helmet":2,"minecraft:stone_bricks":744,"biomesoplenty:fir_fence_gate":14,"minecraft:stone_pickaxe":36,"minecraft:sandstone":3,"biomesoplenty:fir_planks":6,"minecraft:sugar_cane":12,"the_knocker:knocker_spawn_egg":2,"minecraft:bread":45,"fight_or_die:mutated_cow_head_spawn_egg":7,"minecraft:gravel":8,"born_in_chaos_v1:smoked_monster_flesh":4,"minecraft:andesite":9,"minecraft:bone_meal":213,"minecraft:cobweb":2,"simplyswords:iron_claymore":22,"minecraft:flint_and_steel":3,"minecraft:stone_shovel":137,"minecraft:wooden_shovel":30,"minecraft:stone_hoe":38,"minecraft:dirt":3287,"minecraft:hopper":11,"minecraft:cobblestone_wall":192,"endofherobrine:builder_spawn_egg":6,"minecraft:bookshelf":25,"minecraft:stone_pressure_plate":4,"minecraft:cooked_beef":22,"minecraft:iron_leggings":2,"minecraft:cobblestone_stairs":99,"minecraft:baked_potato":32,"minecraft:stonecutter":9,"minecraft:cobblestone_slab":13,"rlovelyr:kitsune_spawn":2,"minecraft:smoker":8,"minecraft:wooden_hoe":118,"minecraft:apple":2,"minecraft:command_block":11,"minecraft:cracked_polished_blackstone_bricks":1,"gunscraft:vending_machine":2,"minecraft:stone_axe":7,"biomesoplenty:fir_door":4,"minecraft:white_banner":1,"minecraft:bucket":44,"minecraft:yellow_bed":3,"minecraft:smooth_stone":8,"dixtas_armory:iron_battle_axe":110},"minecraft:killed":{"fight_or_die:springer":36,"undead_revamp2:axestrom":1,"born_in_chaos_v1:siamese_skeletonsright":2,"undead_revamp2:theswarmer":4,"minecraft:skeleton":9,"minecraft:chicken":1,"undead_revamp2:thepregnant":5,"undead_revamp2:thespitter":11,"arphex:spider_larvae_tiny":5,"man:managgresive":1,"born_in_chaos_v1:bone_imp":2,"undead_revamp2:theheavy":2,"rlovelyr:honey":1,"rlovelyr:bunny2":2,"minecraft:zombie":32,"rlovelyr:vanilla":1,"born_in_chaos_v1:corpse_fly":14,"fight_or_die:mutated_player":25,"fight_or_die:mutated_enderman":7,"arphex:spider_larvae":1,"minecraft:cow":12,"fight_or_die:mutated_creeper":8,"fight_or_die:mutated_human_head":12,"undead_revamp2:thehunter":23,"undead_revamp2:theimmortal":2,"graveyard:nightmare":2,"endofherobrine:skeleton":1,"undead_revamp2:bomber":7,"born_in_chaos_v1:thornshell_crab":12,"born_in_chaos_v1:firelight":1,"fight_or_die:shiller":34,"fight_or_die:mutated_human":44,"fight_or_die:mutated_sheep":9,"undead_revamp2:thebidy":6,"born_in_chaos_v1:barrel_zombie":2,"undead_revamp2:the_moonflower":16,"born_in_chaos_v1:decrepit_skeleton":5,"born_in_chaos_v1:bloody_gadfly":1,"undead_revamp2:thesomnolence":23,"mca:female_villager":7,"rlovelyr:bunny":1,"minecraft:enderman":5,"undead_revamp2:thewolf":7,"endofherobrine:silverfish":16,"endofherobrine:pig":1,"minecraft:zombified_piglin":5,"minecraft:witch":1,"minecraft:spider":9,"undead_revamp2:thesmoker":4,"minecraft:bee":4,"fight_or_die:mutated_fox":9,"undead_revamp2:therod":3,"fight_or_die:mutated_cow_head":4,"undead_revamp2:thespectre":8,"minecraft:piglin_brute":7,"minecraft:piglin":19,"minecraft:pig":2,"fight_or_die:mutated_cow":20,"undead_revamp2:thebeartamer":1,"minecraft:strider":1,"minecraft:creeper":28,"minecraft:sheep":1,"fight_or_die:mutated_villager":15,"undead_revamp2:theordure":1,"undead_revamp2:thebidyupside":7,"born_in_chaos_v1:dread_hound":8,"minecraft:ghast":4,"undead_revamp2:theskeeper":2,"endofherobrine:cow":3,"cave_dweller:cave_dweller":1,"apollyon:the_damned":1,"born_in_chaos_v1:siamese_skeletonsleft":1,"undead_revamp2:thegliter":2,"fight_or_die:mutated_pig":5,"born_in_chaos_v1:zombie_bruiser":2,"born_in_chaos_v1:maggot":10,"minecraft:drowned":3,"born_in_chaos_v1:corpse_fish":11,"undead_revamp2:thehorrors":1,"undead_revamp2:sucker":17,"born_in_chaos_v1:siamese_skeletons":1,"fight_or_die:mutated_villager_head":5,"born_in_chaos_v1:fallen_chaos_knight":1,"endofherobrine:villager":1,"born_in_chaos_v1:baby_skeleton":1,"born_in_chaos_v1:swarmer":1,"minecraft:bat":1,"minecraft:squid":3,"born_in_chaos_v1:phantom_creeper_copy":1,"rlovelyr:neko":1,"born_in_chaos_v1:decaying_zombie":3,"minecraft:wither_skeleton":2,"fight_or_die:mutated_player_head":10},"minecraft:custom":{"minecraft:interact_with_crafting_table":180,"minecraft:open_barrel":12,"minecraft:leave_game":31,"minecraft:time_since_death":17852,"minecraft:damage_blocked_by_shield":2010,"minecraft:play_time":1649682,"minecraft:deaths":113,"minecraft:jump":15272,"minecraft:interact_with_furnace":500,"minecraft:traded_with_villager":3,"minecraft:sleep_in_bed":62,"minecraft:damage_dealt":26849,"minecraft:interact_with_smoker":146,"minecraft:horse_one_cm":21731,"minecraft:interact_with_anvil":1,"minecraft:damage_dealt_absorbed":76,"minecraft:sneak_time":119060,"minecraft:total_world_time":1649682,"minecraft:interact_with_stonecutter":49,"minecraft:time_since_rest":11825,"minecraft:swim_one_cm":358284,"minecraft:fly_one_cm":2814580,"minecraft:open_chest":1214,"minecraft:fall_one_cm":423239,"minecraft:animals_bred":2,"minecraft:damage_resisted":0,"minecraft:sprint_one_cm":4076697,"minecraft:drop":173,"minecraft:talked_to_villager":5,"minecraft:interact_with_brewingstand":1,"minecraft:walk_on_water_one_cm":156468,"minecraft:crouch_one_cm":347028,"minecraft:mob_kills":720,"minecraft:damage_dealt_resisted":5785,"minecraft:climb_one_cm":350892,"minecraft:walk_one_cm":5572541,"minecraft:walk_under_water_one_cm":683790,"minecraft:raid_trigger":1,"minecraft:damage_taken":44255},"minecraft:mined":{"minecraft:white_bed":16,"minecraft:obsidian":14,"minecraft:granite":28,"minecraft:deepslate_bricks":220,"minecraft:nether_wart":6,"minecraft:polished_blackstone_bricks":20,"minecraft:tall_seagrass":1,"minecraft:magma_block":26,"fight_or_die:blood_splash1":101,"minecraft:fire":3,"minecraft:cobbled_deepslate":14,"minecraft:deepslate_lapis_ore":19,"minecraft:nether_brick_stairs":6,"minecraft:deepslate_brick_stairs":1,"minecraft:kelp_plant":57,"minecraft:smoker":6,"minecraft:torch":57,"minecraft:white_stained_glass_pane":1,"minecraft:glass":1,"minecraft:sugar_cane":11,"minecraft:damaged_anvil":1,"deep_dark_regrowth:stone_tiles":34,"minecraft:wheat":34,"minecraft:stone_brick_stairs":5,"minecraft:grass":282,"minecraft:smooth_basalt":4,"minecraft:stonecutter":7,"minecraft:deepslate":4838,"minecraft:nether_bricks":18,"born_in_chaos_v1:black_argillite":4,"minecraft:kelp":16,"minecraft:redstone_ore":4,"minecraft:snow":376,"minecraft:andesite":62,"minecraft:potatoes":18,"minecraft:cobblestone_slab":1,"biomesoplenty:barley":36,"minecraft:soul_sand":54,"minecraft:emerald_ore":8,"biomesoplenty:fir_planks":1,"minecraft:warped_roots":2,"endofherobrine:glowing_obsidian":14,"minecraft:tall_grass":60,"minecraft:copper_ore":1,"minecraft:deepslate_gold_ore":14,"minecraft:diorite":146,"minecraft:cobblestone_wall":25,"minecraft:sunflower":3,"minecraft:gravel":1647,"minecraft:cobweb":1,"minecraft:stone_bricks":235,"minecraft:gold_ore":2,"minecraft:fern":10,"minecraft:farmland":5,"minecraft:cobblestone_stairs":10,"minecraft:brewing_stand":1,"minecraft:grass_block":2154,"minecraft:cracked_polished_blackstone_bricks":9,"biomesoplenty:flowering_oak_leaves":1,"minecraft:smooth_stone":8,"minecraft:iron_ore":283,"minecraft:deepslate_redstone_ore":25,"minecraft:nether_quartz_ore":39,"minecraft:cobblestone":547,"minecraft:wall_torch":36,"minecraft:warped_nylium":92,"born_in_chaos_v1:river_mint":4,"biomesoplenty:fir_log":6,"minecraft:yellow_stained_glass_pane":1,"minecraft:oak_log":6,"minecraft:sand":479,"minecraft:dirt":2107,"biomesoplenty:fir_sapling":1,"minecraft:netherrack":3125,"minecraft:oak_leaves":1,"minecraft:nether_gold_ore":17,"minecraft:crying_obsidian":5,"minecraft:tuff":123,"minecraft:deepslate_diamond_ore":27,"minecraft:blackstone_wall":1,"minecraft:ladder":36,"minecraft:sandstone":4,"minecraft:hay_block":27,"minecraft:oak_trapdoor":1,"minecraft:furnace":17,"minecraft:carrots":54,"biomesoplenty:toadstool":3,"minecraft:gold_block":1,"minecraft:deepslate_iron_ore":46,"minecraft:lantern":4,"minecraft:stone":17316,"minecraft:deepslate_coal_ore":6,"biomesoplenty:fir_fence":1,"minecraft:ice":19,"fight_or_die:blood_splash2":222,"minecraft:yellow_bed":2,"minecraft:coal_ore":717},"minecraft:dropped":{"minecraft:iron_sword":1,"rlovelyr:bunny_spawn":1,"minecraft:cooked_beef":8,"graveyard:corruption":1,"minecraft:gold_block":1,"minecraft:dirt":263,"minecraft:sunflower":3,"minecraft:bone":4,"undead_revamp2:acidsack":1,"minecraft:golden_chestplate":1,"minecraft:cobbled_deepslate":2,"minecraft:wheat":3,"rlovelyr:vanilla_spawn":1,"undead_revamp2:arapholia":1,"minecraft:rotten_flesh":11,"born_in_chaos_v1:smoked_flesh":9,"gunscraft:assault_rifle_ammo_provider":1,"minecraft:oak_planks":12,"minecraft:white_bed":1,"dixtas_armory:iron_katana":1,"apotheosis:gem":3,"minecraft:ladder":6,"minecraft:egg":1,"minecraft:iron_ingot":7,"minecraft:wheat_seeds":53,"minecraft:cobblestone":255,"minecraft:granite":11,"minecraft:coal":32,"fight_or_die:springer_fragment":1,"born_in_chaos_v1:black_argillite":4,"rlovelyr:bunny2_spawn":1,"minecraft:chainmail_leggings":1,"minecraft:string":3,"minecraft:stone_sword":2,"minecraft:stone_shovel":1,"sophisticatedbackpacks:backpack":1,"gunscraft:shotgun_ammo_provider":3,"vanillaplustools:netherite_hammer":1,"fight_or_die:sickened_heart":3,"minecraft:bow":1,"rlovelyr:dragon_spawn":1,"minecraft:baked_potato":10,"born_in_chaos_v1:monster_skin":1,"gunscraft:rifle_ammo_provider":1,"gunscraft:m82a1":1,"biomesoplenty:fir_fence":2,"minecraft:gold_ingot":2,"minecraft:gravel":56,"born_in_chaos_v1:smoked_fish":6,"gunscraft:xm1014":1,"gunscraft:scar_h":2,"vanillaplustools:stone_hammer":2,"fight_or_die:ripping_flesh":3,"dixtas_armory:iron_battle_axe":1,"minecraft:water_bucket":1,"minecraft:bread":24,"gunscraft:aug_a3":1,"minecraft:prismarine_shard":2,"minecraft:lead":8,"vanillaplustools:iron_shovel":1,"minecraft:stick":66,"minecraft:deepslate_brick_stairs":1,"born_in_chaos_v1:river_mint":3,"minecraft:diorite":20,"minecraft:torch":126,"minecraft:wither_rose":1,"minecraft:kelp":16,"minecraft:deepslate_bricks":320,"simplyswords:iron_scythe":1,"minecraft:shield":2,"biomesoplenty:fir_planks":136,"simplyswords:gold_katana":1,"minecraft:iron_chestplate":1,"minecraft:oak_sapling":3,"minecraft:stone_pickaxe":1,"biomesoplenty:fir_log":52},"minecraft:broken":{"minecraft:golden_boots":1,"minecraft:iron_boots":1,"minecraft:iron_chestplate":2,"minecraft:iron_leggings":1,"vanillaplustools:iron_shovel":3,"minecraft:shield":1,"vanillaplustools:stone_hammer":7,"minecraft:iron_helmet":1,"vanillaplustools:stone_shovel":2,"vanillaplustools:iron_hammer":3,"minecraft:golden_leggings":1,"minecraft:stone_pickaxe":1,"minecraft:stone_axe":1,"minecraft:wooden_axe":1,"minecraft:stone_shovel":1},"minecraft:crafted":{"minecraft:smooth_stone":49,"minecraft:nether_brick":2164,"minecraft:bookshelf":25,"minecraft:glass":454,"vanillaplustools:iron_hammer":3,"minecraft:stone_pressure_plate":4,"vanillaplustools:stone_shovel":2,"minecraft:wooden_shovel":2,"minecraft:cooked_porkchop":5,"minecraft:clock":1,"minecraft:hay_block":25,"biomesoplenty:palm_sapling":1,"minecraft:wooden_hoe":1,"minecraft:golden_leggings":1,"born_in_chaos_v1:smoked_flesh":282,"minecraft:iron_pickaxe":27,"minecraft:gold_ingot":32,"minecraft:stone_shovel":19,"vanillaplustools:stone_hammer":8,"minecraft:iron_nugget":234,"minecraft:bone_meal":250,"born_in_chaos_v1:smoked_monster_flesh":4,"buildinggadgets2:gadget_building":1,"minecraft:lantern":29,"minecraft:ladder":273,"minecraft:stone_pickaxe":64,"minecraft:redstone_block":1,"minecraft:dark_oak_planks":8,"biomesoplenty:mahogany_sapling":1,"minecraft:lead":6,"minecraft:wheat":36,"mca:engagement_ring":1,"minecraft:enchanting_table":1,"minecraft:deepslate_brick_slab":22,"minecraft:wooden_axe":1,"minecraft:iron_shovel":45,"minecraft:note_block":1,"minecraft:oak_planks":60,"minecraft:cobblestone_slab":10,"minecraft:stone":606,"mcwdoors:sliding_glass_door":2,"dixtas_armory:iron_battle_axe":1,"minecraft:hopper":8,"minecraft:chest":47,"minecraft:stone_hoe":2,"minecraft:smoker":3,"born_in_chaos_v1:smoked_fish":6,"minecraft:crafting_table":15,"minecraft:baked_potato":32,"minecraft:wooden_pickaxe":2,"rlovelyr:kitsune_spawn":1,"simplyswords:iron_scythe":1,"biomesoplenty:fir_planks":1708,"minecraft:iron_chestplate":2,"minecraft:paper":9,"minecraft:charcoal":171,"minecraft:diamond_pickaxe":1,"minecraft:shield":2,"minecraft:stick":1292,"minecraft:iron_ingot":264,"minecraft:stone_sword":3,"minecraft:snow_block":106,"minecraft:deepslate_bricks":1,"minecraft:shears":1,"biomesoplenty:fir_door":6,"vanillaplustools:iron_shovel":5,"minecraft:furnace":15,"biomesoplenty:yellow_autumn_sapling":1,"buildinggadgets2:template_manager":1,"minecraft:glass_pane":96,"minecraft:flint_and_steel":1,"minecraft:iron_axe":1,"born_in_chaos_v1:fried_maggot":15,"minecraft:cobblestone_wall":60,"minecraft:cooked_beef":30,"paraglider:paraglider":1,"minecraft:cooked_cod":1,"minecraft:iron_sword":1,"minecraft:nether_bricks":541,"minecraft:bucket":7,"minecraft:stone_axe":2,"minecraft:air":0,"minecraft:bread":53,"biomesoplenty:fir_sign":21,"minecraft:stonecutter":2,"minecraft:torch":932,"mca:wedding_ring":1,"dixtas_armory:iron_katana":1,"biomesoplenty:fir_fence_gate":14,"rlovelyr:robot_core":1},"minecraft:picked_up":{"minecraft:wooden_axe":2,"minecraft:iron_chestplate":8,"minecraft:chainmail_boots":4,"minecraft:prismarine_shard":4,"minecraft:lead":45,"gunscraft:pistol_ammo_provider":2,"minecraft:wither_rose":3,"minecraft:brewing_stand":4,"minecraft:string":75,"vanillaplustools:stone_shovel":2,"mca:engagement_ring":1,"minecraft:gold_nugget":71,"minecraft:cobbled_deepslate":5796,"minecraft:mangrove_log":1,"mca:wedding_ring":1,"born_in_chaos_v1:shattered_skull":1,"minecraft:cherry_log":2,"minecraft:golden_chestplate":1,"minecraft:stone_sword":12,"gunscraft:red_dot":1,"minecraft:blackstone_wall":1,"minecraft:snowball":418,"minecraft:birch_log":1,"minecraft:magma_block":23,"minecraft:cooked_beef":5,"minecraft:water_bucket":1,"minecraft:smoker":6,"biomesoplenty:fir_sapling":160,"biomesoplenty:fir_log":1162,"minecraft:flint":185,"minecraft:lantern":4,"born_in_chaos_v1:nightmare_stalker_skull":2,"born_in_chaos_v1:marigolds":1,"undead_revamp2:blacpetalblock":1,"minecraft:stonecutter":7,"simplyswords:gold_katana":1,"patchouli:guide_book":1,"minecraft:ink_sac":6,"minecraft:fermented_spider_eye":1,"minecraft:dark_oak_log":2,"undead_revamp2:heavytooth":6,"man:tearoftheman":2,"minecraft:granite":28,"gunscraft:shotgun_ammo_provider":3,"minecraft:chainmail_helmet":1,"minecraft:bread":23,"born_in_chaos_v1:rotten_fish":16,"minecraft:diamond_pickaxe":2,"gunscraft:assault_expansion_mag":1,"minecraft:nether_wart":20,"minecraft:clay_ball":2,"born_in_chaos_v1:seedof_chaos":3,"vanillaplustools:netherite_hammer":4,"gunscraft:grip":1,"minecraft:fire_coral":1,"minecraft:cornflower":1,"born_in_chaos_v1:intoxicating_decoction":2,"minecraft:beef":31,"born_in_chaos_v1:gnawed_bones":1,"minecraft:chest":1,"minecraft:egg":10,"fight_or_die:ripping_flesh":53,"minecraft:sandstone":6,"minecraft:stone":120,"sophisticatedbackpacks:backpack":7,"born_in_chaos_v1:pieceofdarkmetal":16,"minecraft:carrot":517,"minecraft:redstone":160,"gunscraft:smg_expansion_mag":1,"minecraft:deepslate_bricks":529,"minecraft:hay_block":47,"born_in_chaos_v1:spiny_shell":22,"minecraft:glow_berries":1,"minecraft:mutton":5,"minecraft:white_wool":2,"born_in_chaos_v1:monster_flesh":11,"minecraft:red_mushroom":6,"minecraft:oak_log":18,"dixtas_armory:iron_battle_axe":2,"deep_dark_regrowth:stone_tiles":34,"minecraft:white_banner":2,"minecraft:stone_bricks":218,"minecraft:kelp":799,"minecraft:stone_pickaxe":2,"born_in_chaos_v1:smoked_flesh":34,"minecraft:iron_sword":6,"minecraft:smooth_basalt":4,"born_in_chaos_v1:ethereal_spirit":10,"minecraft:gravel":1544,"rlovelyr:kitsune_spawn":2,"fight_or_die:sickened_heart":9,"minecraft:crying_obsidian":5,"gunscraft:scar_h":1,"minecraft:slime_ball":26,"minecraft:stone_axe":2,"dixtas_armory:iron_katana":1,"minecraft:scute":1,"minecraft:warped_roots":9,"minecraft:ender_pearl":2,"minecraft:wheat":205,"rlovelyr:vanilla_spawn":1,"minecraft:stone_brick_stairs":5,"born_in_chaos_v1:black_argillite":4,"minecraft:raw_copper":2,"minecraft:iron_leggings":9,"minecraft:smooth_stone":8,"biomesoplenty:fir_planks":157,"minecraft:cobblestone_slab":1,"minecraft:wooden_shovel":2,"minecraft:iron_pickaxe":7,"minecraft:iron_boots":3,"minecraft:furnace":17,"minecraft:stick":162,"apotheosis:gem":32,"born_in_chaos_v1:phantom_powder":2,"minecraft:torch":907,"minecraft:porkchop":3,"minecraft:diorite":136,"born_in_chaos_v1:nightmare_claw":2,"minecraft:rotten_flesh":431,"minecraft:deepslate_brick_stairs":2,"minecraft:obsidian":13,"minecraft:cod":1,"undead_revamp2:arapholia":10,"minecraft:cobblestone":18999,"paraglider:paraglider":1,"fight_or_die:springer_fragment":3,"minecraft:andesite":60,"minecraft:potato":194,"paraglider:spirit_orb":6,"minecraft:tuff":101,"undead_revamp2:huntereye":8,"minecraft:lapis_lazuli":170,"minecraft:dirt":5738,"gunscraft:cash":11,"born_in_chaos_v1:monster_skin":11,"minecraft:glass":2,"minecraft:bone":106,"minecraft:bow":12,"minecraft:wheat_seeds":319,"minecraft:raw_gold":15,"minecraft:oak_planks":40,"minecraft:stone_hoe":1,"minecraft:ghast_tear":1,"biomesoplenty:toadstool":4,"minecraft:poisonous_potato":2,"minecraft:sand":478,"biomesoplenty:fir_fence":2,"minecraft:nether_brick_stairs":6,"minecraft:grass_block":1,"undead_revamp2:acidsack":1,"minecraft:diamond":21,"minecraft:cracked_polished_blackstone_bricks":5,"minecraft:crossbow":4,"minecraft:bone_meal":3,"minecraft:emerald":11,"minecraft:oak_sapling":6,"minecraft:netherrack":3096,"minecraft:fishing_rod":1,"undead_revamp2:bostroxingot":1,"minecraft:charcoal":1,"born_in_chaos_v1:river_mint":10,"minecraft:splash_potion":1,"minecraft:chicken":1,"minecraft:ladder":91,"minecraft:turtle_helmet":3,"minecraft:wooden_pickaxe":3,"minecraft:gold_block":1,"minecraft:shield":9,"minecraft:iron_axe":2,"graveyard:corruption":2,"minecraft:sugar_cane":24,"minecraft:raw_iron":319,"fight_or_die:rotten_brain":3,"minecraft:copper_ingot":5,"minecraft:polished_blackstone_bricks":12,"minecraft:trident":4,"minecraft:arrow":95,"minecraft:tube_coral":1,"simplyswords:iron_scythe":2,"minecraft:nether_bricks":18,"born_in_chaos_v1:fused_bone":5,"born_in_chaos_v1:corpse_maggot":46,"minecraft:leather":16,"rlovelyr:dragon_spawn":1,"simplyswords:iron_claymore":1,"minecraft:chainmail_chestplate":4,"minecraft:yellow_bed":3,"minecraft:gunpowder":33,"minecraft:cobblestone_wall":38,"minecraft:cobblestone_stairs":13,"mca:book_romance":1,"minecraft:wooden_hoe":1,"minecraft:iron_ingot":12,"fight_or_die:mutated_ender_pearl":1,"minecraft:soul_sand":54,"minecraft:warped_fungus":1,"rlovelyr:bunny2_spawn":1,"minecraft:quartz":36,"minecraft:white_bed":19,"rlovelyr:bunny_spawn":1,"minecraft:spider_eye":2,"undead_revamp2:rawbostrox":6,"gunscraft:m1911":1,"minecraft:chainmail_leggings":1,"minecraft:iron_helmet":6,"gunscraft:xm1014":3,"vanillaplustools:stone_hammer":10,"minecraft:damaged_anvil":1,"minecraft:coal":824,"minecraft:sunflower":5},"minecraft:killed_by":{"arphex:spider_moth_dweller":1,"undead_revamp2:the_moonflower":2,"fight_or_die:mutated_creeper":6,"minecraft:zombie":1,"undead_revamp2:thepregnant":1,"fight_or_die:mutated_enderman":9,"undead_revamp2:thesomnolence":2,"undead_revamp2:thespitter":1,"born_in_chaos_v1:bonescaller":2,"fight_or_die:mutated_player":2,"fight_or_die:mutated_pig":1,"fight_or_die:mutated_sheep":1,"cave_dweller:cave_dweller":2,"undead_revamp2:thebeartamer":1,"undead_revamp2:sucker":1,"fight_or_die:mutated_villager":3,"man:managgresive":4,"undead_revamp2:bomber":1,"fight_or_die:mutated_human":6,"undead_revamp2:thesmoker":2,"undead_revamp2:theheavy":1,"minecraft:player":4,"born_in_chaos_v1:pumpkin_spirit":1,"minecraft:iron_golem":1,"born_in_chaos_v1:barrel_zombie":1,"fight_or_die:springer":7,"minecraft:skeleton":2,"born_in_chaos_v1:corpse_fish":1,"fight_or_die:mutated_fox":3,"arphex:spider_moth_larvae":2}},"DataVersion":3465}