{"stats":{"minecraft:used":{"minecraft:ladder":153,"minecraft:chest":21,"minecraft:shield":31,"minecraft:stone":30,"minecraft:iron_sword":274,"minecraft:iron_chestplate":2,"deep_dark_regrowth:stone_tiles":36,"minecraft:carrot":169,"minecraft:deepslate_brick_slab":12,"endofherobrine:lurker_spawn_egg":1,"minecraft:obsidian":7,"vanillaplustools:iron_shovel":845,"born_in_chaos_v1:smoked_flesh":58,"minecraft:villager_spawn_egg":11,"minecraft:lantern":28,"biomesoplenty:fir_sapling":20,"minecraft:iron_helmet":2,"minecraft:stone_brick_stairs":10,"minecraft:stone_bricks":369,"simplyswords:iron_scythe":112,"minecraft:bow":42,"minecraft:furnace":5,"biomesoplenty:fir_fence_gate":2,"minecraft:egg":1,"minecraft:potato":24,"minecraft:diorite":1,"minecraft:stone_pickaxe":36,"minecraft:wooden_pickaxe":11,"minecraft:sandstone":3,"biomesoplenty:fir_planks":2,"minecraft:sugar_cane":12,"man:manfromthefog_spawn_egg":2,"minecraft:glow_berries":1,"buildinggadgets2:template_manager":1,"minecraft:deepslate_brick_stairs":3,"the_knocker:knocker_spawn_egg":2,"dixtas_armory:iron_katana":23,"minecraft:bread":37,"minecraft:gravel":8,"minecraft:andesite":9,"minecraft:bone_meal":16,"minecraft:stone_sword":100,"simplyswords:iron_claymore":22,"minecraft:flint_and_steel":3,"born_in_chaos_v1:smoked_fish":12,"vanillaplustools:stone_hammer":1409,"minecraft:wooden_shovel":30,"born_in_chaos_v1:fried_maggot":15,"minecraft:stone_hoe":27,"minecraft:torch":712,"minecraft:dirt":2110,"minecraft:cobblestone_wall":34,"endofherobrine:builder_spawn_egg":6,"minecraft:iron_axe":39,"undead_revamp2:huntereye":2,"minecraft:cooked_beef":19,"minecraft:cobbled_deepslate":2,"minecraft:iron_leggings":2,"minecraft:wheat_seeds":33,"endofherobrine:skeleton_spawn_egg":1,"minecraft:water_bucket":6,"minecraft:cobblestone_stairs":99,"minecraft:baked_potato":32,"minecraft:stonecutter":3,"minecraft:cobblestone_slab":3,"vanillaplustools:netherite_hammer":853,"minecraft:deepslate_bricks":1544,"undead_revamp2:the_moonflower_spawn_egg":1,"minecraft:crafting_table":12,"vanillaplustools:stone_shovel":139,"minecraft:white_bed":15,"rlovelyr:kitsune_spawn":2,"minecraft:smoker":3,"minecraft:wooden_hoe":118,"minecraft:diamond_pickaxe":360,"minecraft:command_block":11,"minecraft:iron_pickaxe":80,"minecraft:stone_axe":7,"biomesoplenty:fir_door":4,"minecraft:cobblestone":1916,"minecraft:white_banner":1,"minecraft:bucket":9,"vanillaplustools:iron_hammer":751,"minecraft:cooked_porkchop":5,"minecraft:yellow_bed":3,"dixtas_armory:iron_battle_axe":110,"minecraft:smooth_stone":8},"minecraft:killed":{"undead_revamp2:thewolf":4,"fight_or_die:springer":23,"minecraft:zombified_piglin":3,"minecraft:witch":1,"minecraft:spider":9,"undead_revamp2:axestrom":1,"undead_revamp2:thesmoker":1,"born_in_chaos_v1:siamese_skeletonsright":2,"undead_revamp2:theswarmer":2,"minecraft:skeleton":6,"minecraft:bee":1,"fight_or_die:mutated_fox":8,"undead_revamp2:therod":2,"undead_revamp2:thepregnant":1,"fight_or_die:mutated_cow_head":3,"undead_revamp2:thespectre":2,"undead_revamp2:thespitter":6,"arphex:spider_larvae_tiny":4,"man:managgresive":1,"undead_revamp2:theheavy":1,"fight_or_die:mutated_cow":15,"rlovelyr:honey":1,"minecraft:creeper":21,"fight_or_die:mutated_villager":8,"rlovelyr:bunny2":2,"undead_revamp2:theordure":1,"undead_revamp2:thebidyupside":2,"minecraft:zombie":24,"rlovelyr:vanilla":1,"born_in_chaos_v1:dread_hound":7,"born_in_chaos_v1:corpse_fly":12,"fight_or_die:mutated_player":16,"fight_or_die:mutated_enderman":4,"minecraft:ghast":4,"undead_revamp2:theskeeper":1,"cave_dweller:cave_dweller":1,"endofherobrine:cow":1,"arphex:spider_larvae":1,"born_in_chaos_v1:siamese_skeletonsleft":1,"minecraft:cow":4,"fight_or_die:mutated_creeper":6,"fight_or_die:mutated_human_head":11,"undead_revamp2:thehunter":17,"undead_revamp2:thegliter":2,"graveyard:nightmare":1,"endofherobrine:skeleton":1,"fight_or_die:mutated_pig":1,"undead_revamp2:bomber":5,"born_in_chaos_v1:maggot":8,"fight_or_die:mutated_sheep":7,"fight_or_die:mutated_human":33,"fight_or_die:shiller":16,"minecraft:drowned":2,"born_in_chaos_v1:corpse_fish":7,"undead_revamp2:thehorrors":1,"undead_revamp2:sucker":11,"born_in_chaos_v1:siamese_skeletons":1,"born_in_chaos_v1:barrel_zombie":1,"fight_or_die:mutated_villager_head":3,"born_in_chaos_v1:fallen_chaos_knight":1,"endofherobrine:villager":1,"born_in_chaos_v1:baby_skeleton":1,"born_in_chaos_v1:swarmer":1,"undead_revamp2:the_moonflower":9,"minecraft:bat":1,"born_in_chaos_v1:decrepit_skeleton":3,"born_in_chaos_v1:bloody_gadfly":1,"undead_revamp2:thesomnolence":14,"rlovelyr:neko":1,"minecraft:wither_skeleton":2,"fight_or_die:mutated_player_head":4,"minecraft:enderman":5},"minecraft:custom":{"minecraft:animals_bred":1,"minecraft:interact_with_crafting_table":138,"minecraft:open_barrel":9,"minecraft:leave_game":28,"minecraft:time_since_death":68966,"minecraft:damage_resisted":0,"minecraft:sprint_one_cm":2601257,"minecraft:damage_blocked_by_shield":2010,"minecraft:drop":123,"minecraft:talked_to_villager":2,"minecraft:play_time":1054645,"minecraft:deaths":78,"minecraft:jump":9958,"minecraft:interact_with_brewingstand":1,"minecraft:walk_on_water_one_cm":49195,"minecraft:interact_with_furnace":138,"minecraft:sleep_in_bed":43,"minecraft:damage_dealt":22395,"minecraft:crouch_one_cm":217466,"minecraft:interact_with_smoker":76,"minecraft:interact_with_anvil":1,"minecraft:mob_kills":430,"minecraft:damage_dealt_resisted":4081,"minecraft:climb_one_cm":240710,"minecraft:walk_one_cm":3772204,"minecraft:sneak_time":63787,"minecraft:walk_under_water_one_cm":43365,"minecraft:total_world_time":1054645,"minecraft:raid_trigger":1,"minecraft:interact_with_stonecutter":28,"minecraft:time_since_rest":38341,"minecraft:damage_taken":27417,"minecraft:swim_one_cm":65682,"minecraft:fly_one_cm":1907228,"minecraft:open_chest":648,"minecraft:fall_one_cm":217109},"minecraft:mined":{"minecraft:white_bed":15,"minecraft:farmland":5,"minecraft:cobblestone_stairs":10,"minecraft:brewing_stand":1,"minecraft:obsidian":13,"minecraft:granite":28,"minecraft:grass_block":1954,"minecraft:deepslate_bricks":204,"minecraft:smooth_stone":8,"fight_or_die:blood_splash1":72,"minecraft:iron_ore":247,"minecraft:fire":2,"minecraft:deepslate_lapis_ore":19,"minecraft:deepslate_brick_stairs":1,"minecraft:deepslate_redstone_ore":25,"minecraft:torch":39,"minecraft:white_stained_glass_pane":1,"minecraft:cobblestone":482,"minecraft:sugar_cane":11,"minecraft:damaged_anvil":1,"minecraft:wall_torch":36,"deep_dark_regrowth:stone_tiles":34,"minecraft:wheat":34,"minecraft:stone_brick_stairs":5,"biomesoplenty:fir_log":6,"born_in_chaos_v1:river_mint":2,"minecraft:yellow_stained_glass_pane":1,"minecraft:grass":200,"minecraft:oak_log":6,"minecraft:sand":22,"minecraft:dirt":1456,"biomesoplenty:fir_sapling":1,"minecraft:smooth_basalt":4,"minecraft:stonecutter":1,"minecraft:netherrack":3,"minecraft:deepslate":4838,"minecraft:crying_obsidian":5,"minecraft:tuff":123,"minecraft:deepslate_diamond_ore":27,"minecraft:ladder":36,"born_in_chaos_v1:black_argillite":4,"minecraft:sandstone":4,"minecraft:hay_block":27,"minecraft:redstone_ore":4,"minecraft:furnace":1,"minecraft:carrots":54,"biomesoplenty:toadstool":2,"minecraft:snow":279,"minecraft:andesite":62,"minecraft:potatoes":18,"minecraft:cobblestone_slab":1,"minecraft:deepslate_iron_ore":46,"minecraft:lantern":4,"minecraft:stone":15311,"minecraft:emerald_ore":8,"endofherobrine:glowing_obsidian":5,"minecraft:copper_ore":1,"minecraft:tall_grass":47,"minecraft:deepslate_coal_ore":6,"minecraft:deepslate_gold_ore":14,"minecraft:diorite":146,"minecraft:cobblestone_wall":2,"minecraft:ice":16,"fight_or_die:blood_splash2":152,"minecraft:yellow_bed":2,"minecraft:coal_ore":613,"minecraft:gravel":1303,"minecraft:stone_bricks":62,"minecraft:gold_ore":2,"minecraft:fern":10},"minecraft:dropped":{"rlovelyr:dragon_spawn":1,"minecraft:iron_sword":1,"minecraft:cooked_beef":8,"minecraft:baked_potato":10,"minecraft:dirt":193,"born_in_chaos_v1:monster_skin":1,"minecraft:bone":1,"undead_revamp2:acidsack":1,"minecraft:cobbled_deepslate":2,"minecraft:wheat":3,"born_in_chaos_v1:smoked_fish":6,"rlovelyr:vanilla_spawn":1,"minecraft:rotten_flesh":6,"gunscraft:xm1014":1,"born_in_chaos_v1:smoked_flesh":8,"minecraft:oak_planks":12,"minecraft:white_bed":1,"dixtas_armory:iron_katana":1,"vanillaplustools:stone_hammer":2,"apotheosis:gem":1,"minecraft:ladder":6,"fight_or_die:ripping_flesh":1,"dixtas_armory:iron_battle_axe":1,"minecraft:water_bucket":1,"minecraft:iron_ingot":7,"minecraft:bread":24,"minecraft:wheat_seeds":42,"minecraft:prismarine_shard":2,"minecraft:cobblestone":249,"minecraft:granite":11,"vanillaplustools:iron_shovel":1,"minecraft:stick":66,"fight_or_die:springer_fragment":1,"minecraft:deepslate_brick_stairs":1,"born_in_chaos_v1:black_argillite":4,"minecraft:diorite":20,"born_in_chaos_v1:river_mint":1,"minecraft:torch":126,"rlovelyr:bunny2_spawn":1,"minecraft:chainmail_leggings":1,"minecraft:string":3,"minecraft:stone_sword":2,"minecraft:stone_shovel":1,"minecraft:deepslate_bricks":320,"simplyswords:iron_scythe":1,"minecraft:shield":2,"biomesoplenty:fir_planks":136,"simplyswords:gold_katana":1,"gunscraft:shotgun_ammo_provider":3,"minecraft:iron_chestplate":1,"minecraft:oak_sapling":3,"fight_or_die:sickened_heart":1,"minecraft:bow":1,"minecraft:stone_pickaxe":1,"biomesoplenty:fir_log":52},"minecraft:broken":{"vanillaplustools:iron_hammer":3,"minecraft:iron_boots":1,"minecraft:iron_chestplate":1,"minecraft:iron_leggings":1,"minecraft:stone_pickaxe":1,"vanillaplustools:iron_shovel":3,"minecraft:stone_axe":1,"minecraft:wooden_axe":1,"minecraft:shield":1,"vanillaplustools:stone_hammer":7,"vanillaplustools:stone_shovel":1},"minecraft:crafted":{"minecraft:smooth_stone":49,"minecraft:oak_planks":60,"minecraft:cobblestone_slab":2,"minecraft:stone":606,"dixtas_armory:iron_battle_axe":1,"minecraft:glass":6,"vanillaplustools:iron_hammer":3,"minecraft:chest":37,"vanillaplustools:stone_shovel":2,"minecraft:stone_hoe":1,"minecraft:smoker":3,"minecraft:wooden_shovel":2,"born_in_chaos_v1:smoked_fish":6,"minecraft:cooked_porkchop":5,"minecraft:crafting_table":12,"minecraft:wooden_pickaxe":2,"minecraft:baked_potato":32,"minecraft:clock":1,"minecraft:hay_block":25,"rlovelyr:kitsune_spawn":1,"simplyswords:iron_scythe":1,"biomesoplenty:fir_planks":1208,"minecraft:iron_chestplate":2,"minecraft:wooden_hoe":1,"minecraft:paper":9,"minecraft:diamond_pickaxe":1,"minecraft:charcoal":33,"minecraft:shield":2,"minecraft:stick":1264,"minecraft:iron_ingot":264,"born_in_chaos_v1:smoked_flesh":52,"minecraft:iron_pickaxe":27,"minecraft:stone_sword":3,"minecraft:snow_block":91,"minecraft:gold_ingot":16,"minecraft:deepslate_bricks":1,"minecraft:shears":1,"biomesoplenty:fir_door":6,"minecraft:stone_shovel":19,"vanillaplustools:stone_hammer":8,"minecraft:iron_nugget":234,"vanillaplustools:iron_shovel":5,"minecraft:furnace":7,"minecraft:bone_meal":15,"buildinggadgets2:template_manager":1,"buildinggadgets2:gadget_building":1,"minecraft:glass_pane":16,"minecraft:flint_and_steel":1,"minecraft:lantern":29,"minecraft:iron_axe":1,"minecraft:ladder":273,"born_in_chaos_v1:fried_maggot":15,"minecraft:stone_pickaxe":64,"minecraft:cobblestone_wall":60,"minecraft:redstone_block":1,"minecraft:dark_oak_planks":8,"minecraft:wheat":36,"minecraft:cooked_beef":28,"paraglider:paraglider":1,"minecraft:cooked_cod":1,"minecraft:enchanting_table":1,"minecraft:deepslate_brick_slab":22,"minecraft:iron_sword":1,"minecraft:bucket":4,"minecraft:stone_axe":2,"minecraft:bread":46,"minecraft:air":0,"minecraft:wooden_axe":1,"minecraft:iron_shovel":45,"minecraft:stonecutter":2,"minecraft:note_block":1,"minecraft:torch":888,"dixtas_armory:iron_katana":1,"biomesoplenty:fir_fence_gate":2,"rlovelyr:robot_core":1},"minecraft:picked_up":{"minecraft:iron_chestplate":7,"minecraft:wheat":200,"minecraft:chainmail_boots":2,"minecraft:prismarine_shard":2,"gunscraft:pistol_ammo_provider":2,"rlovelyr:vanilla_spawn":1,"minecraft:wither_rose":1,"minecraft:stone_brick_stairs":5,"minecraft:brewing_stand":4,"born_in_chaos_v1:black_argillite":4,"minecraft:string":62,"minecraft:raw_copper":2,"minecraft:iron_leggings":8,"vanillaplustools:stone_shovel":2,"minecraft:smooth_stone":8,"minecraft:gold_nugget":6,"minecraft:cobbled_deepslate":5783,"biomesoplenty:fir_planks":155,"minecraft:cobblestone_slab":1,"minecraft:wooden_shovel":2,"minecraft:iron_pickaxe":7,"minecraft:mangrove_log":1,"minecraft:iron_boots":3,"minecraft:furnace":1,"minecraft:stick":161,"apotheosis:gem":19,"born_in_chaos_v1:shattered_skull":1,"minecraft:torch":877,"minecraft:cherry_log":2,"minecraft:diorite":136,"born_in_chaos_v1:nightmare_claw":1,"minecraft:stone_sword":12,"minecraft:rotten_flesh":286,"gunscraft:red_dot":1,"minecraft:deepslate_brick_stairs":2,"minecraft:obsidian":13,"minecraft:cod":1,"undead_revamp2:arapholia":7,"minecraft:snowball":326,"minecraft:cobblestone":15524,"paraglider:paraglider":1,"minecraft:birch_log":1,"minecraft:cooked_beef":5,"fight_or_die:springer_fragment":3,"minecraft:water_bucket":1,"minecraft:andesite":60,"minecraft:potato":194,"biomesoplenty:fir_sapling":160,"biomesoplenty:fir_log":1162,"minecraft:flint":153,"minecraft:tuff":101,"undead_revamp2:huntereye":6,"minecraft:lapis_lazuli":170,"minecraft:dirt":4100,"minecraft:lantern":4,"born_in_chaos_v1:nightmare_stalker_skull":1,"born_in_chaos_v1:monster_skin":11,"minecraft:bone":75,"minecraft:bow":12,"minecraft:stonecutter":1,"minecraft:wheat_seeds":300,"minecraft:raw_gold":15,"simplyswords:gold_katana":1,"minecraft:stone_hoe":1,"minecraft:oak_planks":40,"biomesoplenty:toadstool":2,"minecraft:ghast_tear":1,"patchouli:guide_book":1,"minecraft:poisonous_potato":2,"minecraft:sand":22,"minecraft:grass_block":1,"minecraft:fermented_spider_eye":1,"minecraft:dark_oak_log":2,"undead_revamp2:acidsack":1,"undead_revamp2:heavytooth":4,"man:tearoftheman":2,"minecraft:diamond":21,"minecraft:crossbow":3,"minecraft:granite":28,"minecraft:bone_meal":1,"gunscraft:shotgun_ammo_provider":3,"minecraft:emerald":11,"minecraft:bread":22,"minecraft:oak_sapling":6,"born_in_chaos_v1:rotten_fish":3,"minecraft:netherrack":2,"minecraft:diamond_pickaxe":2,"minecraft:fishing_rod":1,"born_in_chaos_v1:river_mint":7,"minecraft:ladder":39,"gunscraft:assault_expansion_mag":1,"minecraft:nether_wart":3,"minecraft:turtle_helmet":2,"born_in_chaos_v1:seedof_chaos":3,"minecraft:wooden_pickaxe":3,"vanillaplustools:netherite_hammer":3,"gunscraft:grip":1,"minecraft:shield":9,"minecraft:cornflower":1,"minecraft:iron_axe":2,"born_in_chaos_v1:intoxicating_decoction":2,"graveyard:corruption":1,"minecraft:beef":11,"born_in_chaos_v1:gnawed_bones":1,"minecraft:sugar_cane":24,"minecraft:chest":1,"minecraft:egg":5,"fight_or_die:ripping_flesh":37,"minecraft:raw_iron":283,"minecraft:sandstone":6,"fight_or_die:rotten_brain":2,"minecraft:copper_ingot":3,"sophisticatedbackpacks:backpack":5,"born_in_chaos_v1:pieceofdarkmetal":10,"minecraft:trident":3,"minecraft:carrot":517,"minecraft:redstone":160,"gunscraft:smg_expansion_mag":1,"minecraft:arrow":92,"simplyswords:iron_scythe":2,"minecraft:deepslate_bricks":514,"minecraft:hay_block":47,"minecraft:glow_berries":1,"born_in_chaos_v1:fused_bone":5,"born_in_chaos_v1:corpse_maggot":42,"born_in_chaos_v1:monster_flesh":11,"minecraft:leather":7,"rlovelyr:dragon_spawn":1,"simplyswords:iron_claymore":1,"minecraft:oak_log":18,"minecraft:chainmail_chestplate":4,"dixtas_armory:iron_battle_axe":2,"minecraft:yellow_bed":3,"minecraft:cobblestone_wall":2,"minecraft:gunpowder":27,"deep_dark_regrowth:stone_tiles":34,"minecraft:cobblestone_stairs":13,"mca:book_romance":1,"minecraft:wooden_hoe":1,"minecraft:white_banner":2,"minecraft:stone_bricks":56,"minecraft:kelp":16,"born_in_chaos_v1:smoked_flesh":27,"minecraft:iron_ingot":11,"minecraft:stone_pickaxe":2,"minecraft:iron_sword":6,"minecraft:smooth_basalt":4,"rlovelyr:bunny2_spawn":1,"born_in_chaos_v1:ethereal_spirit":10,"minecraft:gravel":1229,"rlovelyr:kitsune_spawn":2,"minecraft:white_bed":18,"minecraft:crying_obsidian":5,"fight_or_die:sickened_heart":7,"minecraft:spider_eye":2,"undead_revamp2:rawbostrox":4,"minecraft:slime_ball":7,"minecraft:stone_axe":2,"gunscraft:m1911":1,"minecraft:chainmail_leggings":1,"dixtas_armory:iron_katana":1,"minecraft:iron_helmet":6,"minecraft:scute":1,"vanillaplustools:stone_hammer":10,"gunscraft:xm1014":3,"minecraft:damaged_anvil":1,"minecraft:coal":627,"minecraft:wooden_axe":2,"minecraft:ender_pearl":2},"minecraft:killed_by":{"arphex:spider_moth_dweller":1,"undead_revamp2:the_moonflower":2,"fight_or_die:mutated_creeper":5,"fight_or_die:mutated_villager":2,"man:managgresive":2,"undead_revamp2:bomber":1,"minecraft:zombie":1,"fight_or_die:mutated_human":4,"undead_revamp2:thesmoker":2,"undead_revamp2:thepregnant":1,"undead_revamp2:theheavy":1,"minecraft:player":2,"born_in_chaos_v1:pumpkin_spirit":1,"fight_or_die:mutated_enderman":5,"minecraft:iron_golem":1,"undead_revamp2:thesomnolence":1,"born_in_chaos_v1:barrel_zombie":1,"undead_revamp2:thespitter":1,"born_in_chaos_v1:bonescaller":2,"fight_or_die:springer":5,"fight_or_die:mutated_player":2,"minecraft:skeleton":2,"fight_or_die:mutated_pig":1,"born_in_chaos_v1:corpse_fish":1,"cave_dweller:cave_dweller":2,"fight_or_die:mutated_fox":2,"undead_revamp2:thebeartamer":1,"arphex:spider_moth_larvae":2}},"DataVersion":3465}