{"stats":{"minecraft:used":{"minecraft:ladder":5,"minecraft:chest":16,"minecraft:shield":240,"minecraft:iron_sword":221,"minecraft:iron_chestplate":2,"minecraft:carrot":460,"minecraft:tuff":26,"minecraft:snowball":12,"vanillaplustools:iron_shovel":450,"born_in_chaos_v1:smoked_flesh":107,"minecraft:lava_bucket":5,"biomesoplenty:fir_sapling":36,"minecraft:furnace":5,"biomesoplenty:fir_fence_gate":2,"minecraft:egg":4,"biomesoplenty:fir_fence":2,"minecraft:diorite":23,"minecraft:stone_pickaxe":226,"minecraft:wooden_pickaxe":65,"minecraft:chainmail_helmet":1,"biomesoplenty:fir_boat":2,"minecraft:sugar_cane":1,"rlovelyr:bunny2_spawn":3,"rlovelyr:neko_spawn":2,"dixtas_armory:iron_katana":250,"minecraft:bread":48,"minecraft:string":1,"minecraft:gravel":48,"minecraft:diamond_sword":40,"minecraft:chainmail_boots":1,"minecraft:andesite":24,"minecraft:oak_trapdoor":5,"minecraft:stone_sword":100,"simplyswords:iron_claymore":215,"minecraft:armor_stand":8,"minecraft:stone_shovel":39,"minecraft:spruce_planks":3,"vanillaplustools:stone_hammer":882,"minecraft:wooden_shovel":60,"born_in_chaos_v1:fried_maggot":48,"minecraft:stone_hoe":48,"minecraft:torch":802,"minecraft:dirt":334,"minecraft:wooden_axe":17,"minecraft:iron_axe":21,"minecraft:barrel":1,"undead_revamp2:arapholia":1,"minecraft:cooked_beef":8,"minecraft:cobbled_deepslate":284,"minecraft:cherry_log":2,"minecraft:pumpkin":1,"minecraft:water_bucket":15,"rlovelyr:dragon_spawn":2,"minecraft:cobblestone_stairs":1,"minecraft:leather_boots":1,"minecraft:crafting_table":3,"vanillaplustools:stone_shovel":255,"minecraft:white_bed":18,"rlovelyr:honey_spawn":3,"minecraft:apple":1,"minecraft:iron_pickaxe":265,"minecraft:stone_axe":59,"minecraft:cobblestone":798,"minecraft:bucket":21,"minecraft:yellow_bed":7,"biomesoplenty:fir_log":6},"minecraft:killed":{"fight_or_die:springer":37,"born_in_chaos_v1:restless_spirit":2,"minecraft:spider":2,"undead_revamp2:thesmoker":1,"minecraft:skeleton":4,"fight_or_die:mutated_fox":2,"born_in_chaos_v1:skeleton_thrasher":1,"fight_or_die:mutated_cow_head":2,"undead_revamp2:crackleball":1,"undead_revamp2:thespitter":1,"born_in_chaos_v1:bonescaller":1,"minecraft:pig":3,"undead_revamp2:theheavy":1,"fight_or_die:mutated_cow":4,"minecraft:creeper":4,"fight_or_die:mutated_enderman_head":1,"fight_or_die:mutated_villager":5,"minecraft:zombie":9,"born_in_chaos_v1:corpse_fly":1,"fight_or_die:mutated_player":3,"fight_or_die:mutated_enderman":3,"endofherobrine:cow":2,"born_in_chaos_v1:door_knight":1,"minecraft:cow":1,"fight_or_die:mutated_creeper":2,"fight_or_die:mutated_human_head":3,"undead_revamp2:thehunter":1,"undead_revamp2:theimmortal":1,"fight_or_die:mutated_pig":4,"born_in_chaos_v1:maggot":6,"minecraft:phantom":1,"fight_or_die:mutated_sheep":6,"fight_or_die:mutated_human":15,"fight_or_die:shiller":8,"born_in_chaos_v1:corpse_fish":4,"minecraft:drowned":2,"undead_revamp2:sucker":11,"born_in_chaos_v1:barrel_zombie":2,"born_in_chaos_v1:swarmer":1,"undead_revamp2:the_moonflower":1,"undead_revamp2:thesomnolence":2,"born_in_chaos_v1:bloody_gadfly":1,"born_in_chaos_v1:nightmare_stalker":1,"endofherobrine:sheep":1,"minecraft:wither_skeleton":1,"fight_or_die:mutated_player_head":1},"minecraft:custom":{"minecraft:animals_bred":1,"minecraft:interact_with_crafting_table":111,"minecraft:open_barrel":7,"minecraft:leave_game":22,"minecraft:time_since_death":2553,"minecraft:damage_resisted":134,"minecraft:sprint_one_cm":1887649,"minecraft:damage_blocked_by_shield":10720,"minecraft:drop":232,"minecraft:talked_to_villager":5,"minecraft:play_time":837564,"minecraft:deaths":28,"minecraft:jump":11484,"minecraft:walk_on_water_one_cm":134457,"minecraft:interact_with_furnace":101,"minecraft:sleep_in_bed":43,"minecraft:damage_dealt":30709,"minecraft:player_kills":2,"minecraft:crouch_one_cm":42963,"minecraft:interact_with_smoker":65,"minecraft:mob_kills":828,"minecraft:damage_dealt_resisted":1748,"minecraft:climb_one_cm":198716,"minecraft:walk_one_cm":3532144,"minecraft:sneak_time":25387,"minecraft:walk_under_water_one_cm":46773,"minecraft:boat_one_cm":27540,"minecraft:total_world_time":837564,"minecraft:time_since_rest":2586,"minecraft:damage_taken":17660,"minecraft:swim_one_cm":33488,"minecraft:fly_one_cm":1570651,"minecraft:open_chest":552,"minecraft:fall_one_cm":204322},"minecraft:dropped":{"minecraft:iron_sword":1,"minecraft:lapis_lazuli":3,"minecraft:cracked_stone_bricks":4,"born_in_chaos_v1:pieceofdarkmetal":4,"minecraft:flint":22,"born_in_chaos_v1:monster_flesh":2,"minecraft:dirt":541,"minecraft:seagrass":1,"minecraft:snowball":192,"minecraft:gold_nugget":3,"minecraft:sunflower":1,"minecraft:iron_pickaxe":3,"paraglider:paraglider":1,"minecraft:fishing_rod":1,"minecraft:bone":7,"minecraft:gravel":328,"undead_revamp2:huntereye":1,"fight_or_die:rotten_brain":2,"minecraft:wheat":1,"born_in_chaos_v1:ethereal_spirit":3,"minecraft:rotten_flesh":18,"minecraft:oak_planks":16,"minecraft:carrot":207,"patchouli:guide_book":1,"dixtas_armory:iron_katana":1,"minecraft:turtle_helmet":1,"born_in_chaos_v1:seedof_chaos":2,"minecraft:trident":1,"minecraft:gunpowder":3,"minecraft:chest":1,"vanillaplustools:stone_hammer":6,"apotheosis:gem":2,"minecraft:chainmail_boots":1,"fight_or_die:ripping_flesh":3,"minecraft:arrow":8,"undead_revamp2:rawbostrox":1,"dixtas_armory:iron_battle_axe":2,"minecraft:water_bucket":1,"minecraft:stone_hoe":1,"born_in_chaos_v1:shattered_skull":1,"minecraft:wheat_seeds":21,"minecraft:cherry_log":1,"minecraft:iron_helmet":1,"minecraft:cobblestone":505,"minecraft:grass_block":3,"minecraft:coal":83,"minecraft:stick":60,"minecraft:torch":128,"minecraft:iron_leggings":1,"minecraft:iron_axe":3,"minecraft:iron_shovel":1,"minecraft:chainmail_leggings":1,"minecraft:string":1,"minecraft:kelp":2,"minecraft:stone_sword":3,"minecraft:raw_iron":4,"minecraft:chicken":1,"minecraft:iron_boots":1,"sophisticatedbackpacks:backpack":2,"minecraft:potato":18,"minecraft:shield":3,"simplyswords:iron_scythe":3,"man:tearoftheman":1,"biomesoplenty:fir_planks":64,"undead_revamp2:heavytooth":1,"simplyswords:gold_katana":1,"minecraft:iron_chestplate":1,"minecraft:mossy_stone_bricks":1,"minecraft:andesite":1,"minecraft:wooden_shovel":1,"minecraft:spider_eye":1,"minecraft:spruce_log":1,"minecraft:bow":9,"minecraft:stone_pickaxe":3,"minecraft:wooden_pickaxe":1,"simplyswords:iron_claymore":1},"minecraft:mined":{"undead_revamp2:arapholia":1,"deep_dark_regrowth:enlightened_deepslate":1,"minecraft:spruce_planks":3,"minecraft:white_bed":14,"minecraft:cobblestone_stairs":1,"minecraft:granite":9,"minecraft:grass_block":846,"minecraft:chiseled_stone_bricks":1,"fight_or_die:blood_splash1":45,"minecraft:iron_ore":177,"minecraft:cobbled_deepslate":37,"minecraft:pumpkin":9,"minecraft:deepslate_lapis_ore":11,"minecraft:cave_vines":1,"minecraft:tripwire":1,"minecraft:deepslate_redstone_ore":22,"minecraft:torch":33,"minecraft:chest":5,"minecraft:cobblestone":86,"minecraft:sugar_cane":8,"minecraft:wall_torch":20,"biomesoplenty:fir_log":33,"minecraft:grass":91,"minecraft:oak_log":23,"minecraft:sand":22,"minecraft:dirt":1436,"biomesoplenty:fir_sapling":2,"minecraft:oak_leaves":3,"minecraft:deepslate":1604,"minecraft:tuff":128,"minecraft:deepslate_diamond_ore":4,"minecraft:glow_lichen":2,"minecraft:sandstone":12,"minecraft:hay_block":47,"minecraft:oak_trapdoor":1,"minecraft:furnace":1,"minecraft:carrots":137,"minecraft:snow":369,"minecraft:andesite":144,"biomesoplenty:sea_oats":2,"minecraft:bookshelf":4,"minecraft:deepslate_iron_ore":102,"biomesoplenty:barley":5,"minecraft:stone":4152,"minecraft:crafting_table":1,"minecraft:copper_ore":25,"minecraft:tall_grass":23,"minecraft:deepslate_coal_ore":2,"minecraft:deepslate_gold_ore":8,"minecraft:lapis_ore":13,"minecraft:diorite":57,"biomesoplenty:fir_fence":1,"fight_or_die:blood_splash2":54,"minecraft:yellow_bed":7,"minecraft:coal_ore":345,"minecraft:gravel":1445,"minecraft:sunflower":1,"minecraft:cracked_stone_bricks":7,"minecraft:stone_bricks":11,"minecraft:mossy_stone_bricks":3},"minecraft:broken":{"minecraft:iron_boots":1,"minecraft:iron_leggings":1,"minecraft:stone_pickaxe":1,"vanillaplustools:iron_shovel":2,"minecraft:stone_axe":1,"dixtas_armory:iron_katana":1,"minecraft:chainmail_helmet":1,"minecraft:wooden_pickaxe":1,"minecraft:shield":2,"vanillaplustools:stone_hammer":8,"minecraft:leather_boots":1,"vanillaplustools:stone_shovel":1},"minecraft:crafted":{"minecraft:smooth_stone":15,"minecraft:oak_planks":56,"minecraft:stone":64,"minecraft:glass":12,"minecraft:iron_boots":3,"sophisticatedbackpacks:copper_backpack":1,"minecraft:chest":9,"vanillaplustools:stone_shovel":7,"rlovelyr:vanilla_spawn":1,"minecraft:stone_hoe":1,"biomesoplenty:fir_wood":3,"sophisticatedbackpacks:backpack":2,"minecraft:crafting_table":3,"simplyswords:iron_claymore":2,"minecraft:spruce_planks":8,"minecraft:wooden_pickaxe":1,"minecraft:iron_helmet":3,"minecraft:copper_ingot":64,"rlovelyr:bunny_spawn":1,"biomesoplenty:fir_planks":300,"rlovelyr:bunny2_spawn":1,"rlovelyr:neko_spawn":2,"minecraft:iron_chestplate":1,"minecraft:charcoal":6,"minecraft:shield":4,"minecraft:stick":536,"born_in_chaos_v1:smoked_flesh":164,"minecraft:iron_ingot":193,"minecraft:iron_pickaxe":1,"minecraft:stone_sword":4,"minecraft:gold_ingot":3,"rlovelyr:honey_spawn":2,"minecraft:stone_shovel":64,"minecraft:fishing_rod":1,"minecraft:smooth_stone_slab":6,"vanillaplustools:stone_hammer":11,"minecraft:iron_nugget":9,"minecraft:furnace":5,"minecraft:oak_trapdoor":4,"minecraft:glass_pane":32,"minecraft:ladder":18,"born_in_chaos_v1:fried_maggot":65,"minecraft:stone_pickaxe":101,"minecraft:redstone_block":8,"rlovelyr:dragon_spawn":1,"minecraft:lead":2,"minecraft:wheat":432,"sophisticatedbackpacks:iron_backpack":1,"minecraft:diamond_sword":1,"biomesoplenty:fir_boat":1,"minecraft:iron_sword":1,"minecraft:bucket":2,"minecraft:stone_axe":2,"minecraft:bread":21,"minecraft:air":0,"minecraft:jungle_planks":4,"biomesoplenty:fir_fence":3,"minecraft:gold_nugget":27,"minecraft:wooden_axe":1,"minecraft:iron_leggings":3,"minecraft:armor_stand":6,"minecraft:acacia_planks":8,"minecraft:torch":580,"biomesoplenty:fir_fence_gate":2,"rlovelyr:robot_core":8},"minecraft:picked_up":{"minecraft:seagrass":1,"minecraft:iron_chestplate":6,"minecraft:wheat":322,"minecraft:chainmail_boots":7,"minecraft:lead":23,"minecraft:diamond_sword":1,"rlovelyr:vanilla_spawn":1,"minecraft:turtle_egg":1,"minecraft:brewing_stand":1,"born_in_chaos_v1:black_argillite":4,"minecraft:string":15,"minecraft:raw_copper":96,"minecraft:iron_leggings":8,"minecraft:armor_stand":2,"minecraft:pufferfish":1,"minecraft:gold_nugget":3,"minecraft:cobbled_deepslate":2817,"biomesoplenty:fir_planks":66,"minecraft:bucket":2,"minecraft:spruce_planks":3,"minecraft:wooden_shovel":3,"minecraft:iron_pickaxe":5,"minecraft:iron_boots":3,"minecraft:furnace":1,"minecraft:stick":157,"apotheosis:gem":5,"born_in_chaos_v1:shattered_skull":4,"minecraft:acacia_log":2,"minecraft:torch":191,"vanillaplustools:iron_shovel":1,"minecraft:porkchop":5,"minecraft:cherry_log":2,"minecraft:diorite":58,"born_in_chaos_v1:nightmare_claw":3,"minecraft:stone_sword":9,"minecraft:rotten_flesh":200,"minecraft:tropical_fish":2,"minecraft:cod":4,"undead_revamp2:arapholia":1,"minecraft:snowball":358,"minecraft:cobblestone":6037,"minecraft:nautilus_shell":1,"born_in_chaos_v1:staffof_magic_arrows":1,"minecraft:cooked_beef":9,"fight_or_die:springer_fragment":3,"minecraft:andesite":180,"minecraft:water_bucket":1,"minecraft:jungle_log":1,"biomesoplenty:fir_sapling":36,"biomesoplenty:fir_log":424,"minecraft:flint":158,"minecraft:tuff":170,"undead_revamp2:huntereye":3,"minecraft:horn_coral":1,"minecraft:map":2,"minecraft:lapis_lazuli":253,"minecraft:dirt":2661,"born_in_chaos_v1:monster_skin":17,"minecraft:leather_boots":1,"minecraft:bone":113,"rlovelyr:neko_spawn":3,"minecraft:bow":12,"minecraft:wheat_seeds":40,"biomesoplenty:fir_boat":2,"minecraft:raw_gold":8,"minecraft:mossy_stone_bricks":2,"simplyswords:gold_katana":1,"minecraft:oak_planks":12,"minecraft:sand":22,"biomesoplenty:fir_fence":1,"minecraft:ink_sac":2,"minecraft:grass_block":3,"minecraft:barrel":1,"undead_revamp2:heavytooth":4,"man:tearoftheman":1,"deep_dark_regrowth:etherium_gem":1,"minecraft:diamond":15,"minecraft:granite":8,"gunscraft:shotgun_ammo_provider":3,"minecraft:chainmail_helmet":2,"minecraft:bread":88,"minecraft:oak_sapling":10,"born_in_chaos_v1:rotten_fish":7,"minecraft:netherrack":1,"undead_revamp2:bostroxingot":1,"minecraft:ladder":6,"minecraft:chicken":1,"born_in_chaos_v1:river_mint":1,"minecraft:turtle_helmet":4,"born_in_chaos_v1:seedof_chaos":2,"minecraft:wooden_pickaxe":3,"minecraft:shield":6,"minecraft:oak_trapdoor":1,"minecraft:iron_axe":9,"born_in_chaos_v1:intoxicating_decoction":5,"minecraft:iron_shovel":2,"born_in_chaos_v1:smoked_fish":6,"minecraft:cracked_stone_bricks":7,"minecraft:beef":30,"born_in_chaos_v1:gnawed_bones":5,"minecraft:sugar_cane":23,"minecraft:chest":5,"minecraft:phantom_membrane":1,"minecraft:egg":23,"fight_or_die:ripping_flesh":50,"minecraft:raw_iron":287,"minecraft:sandstone":12,"fight_or_die:rotten_brain":11,"sophisticatedbackpacks:backpack":1,"minecraft:trident":1,"born_in_chaos_v1:pieceofdarkmetal":7,"minecraft:carrot":500,"minecraft:redstone":111,"minecraft:arrow":81,"minecraft:stone_shovel":3,"simplyswords:iron_scythe":2,"minecraft:hay_block":48,"born_in_chaos_v1:spiny_shell":2,"minecraft:gold_ingot":5,"minecraft:mutton":1,"born_in_chaos_v1:fused_bone":4,"born_in_chaos_v1:corpse_maggot":58,"born_in_chaos_v1:monster_flesh":10,"minecraft:leather":17,"rlovelyr:dragon_spawn":2,"minecraft:oak_log":23,"minecraft:chainmail_chestplate":5,"dixtas_armory:iron_battle_axe":1,"minecraft:yellow_bed":8,"minecraft:gunpowder":15,"minecraft:cobblestone_stairs":1,"rlovelyr:honey_spawn":4,"man:cassette_1safetyinstructions":3,"minecraft:apple":4,"minecraft:stone_bricks":8,"minecraft:kelp":2,"born_in_chaos_v1:smoked_flesh":13,"minecraft:iron_ingot":8,"minecraft:stone_pickaxe":4,"fight_or_die:mutated_ender_pearl":1,"minecraft:iron_sword":2,"minecraft:book":16,"rlovelyr:bunny2_spawn":4,"minecraft:pumpkin":17,"minecraft:chiseled_stone_bricks":1,"born_in_chaos_v1:ethereal_spirit":12,"minecraft:gravel":1328,"born_in_chaos_v1:dark_rod":1,"born_in_chaos_v1:fangofthe_hound_leader":2,"minecraft:white_bed":19,"minecraft:spruce_log":3,"fight_or_die:sickened_heart":6,"minecraft:spider_eye":3,"undead_revamp2:rawbostrox":4,"minecraft:slime_ball":6,"minecraft:stone_axe":3,"minecraft:chainmail_leggings":5,"dixtas_armory:iron_katana":1,"minecraft:iron_helmet":3,"minecraft:scute":1,"vanillaplustools:stone_hammer":9,"gunscraft:xm1014":1,"minecraft:baked_potato":10,"minecraft:coal":409,"minecraft:sunflower":1,"minecraft:ender_pearl":2},"minecraft:killed_by":{"undead_revamp2:sucker":2,"undead_revamp2:the_moonflower":1,"fight_or_die:mutated_creeper":1,"fight_or_die:mutated_villager":1,"man:managgresive":1,"fight_or_die:mutated_human":1,"fight_or_die:mutated_enderman":4,"undead_revamp2:theswarmer":1,"fight_or_die:mutated_cow":1,"fight_or_die:springer":4,"fight_or_die:mutated_player":2,"arphex:spider_moth_larvae":1}},"DataVersion":3465}