{"stats":{"minecraft:used":{"minecraft:ladder":6,"minecraft:chest":18,"minecraft:shield":283,"rlovelyr:vanilla_spawn":1,"minecraft:iron_sword":278,"minecraft:rotten_flesh":1,"minecraft:iron_chestplate":3,"minecraft:carrot":461,"minecraft:tuff":26,"minecraft:snowball":12,"vanillaplustools:iron_shovel":450,"born_in_chaos_v1:smoked_flesh":267,"minecraft:lava_bucket":5,"minecraft:grass_block":1,"biomesoplenty:fir_sapling":36,"minecraft:warped_nylium":1,"minecraft:crimson_roots":1,"minecraft:golden_sword":1,"minecraft:magma_block":2,"minecraft:oak_sapling":11,"minecraft:furnace":5,"biomesoplenty:fir_fence_gate":2,"minecraft:egg":4,"biomesoplenty:fir_fence":6,"biomesoplenty:flesh":24,"minecraft:diorite":23,"minecraft:stone_pickaxe":226,"minecraft:wooden_pickaxe":65,"biomesoplenty:fir_planks":2,"minecraft:chainmail_helmet":1,"biomesoplenty:fir_boat":2,"minecraft:sugar_cane":1,"minecraft:sand":2,"rlovelyr:bunny2_spawn":9,"rlovelyr:neko_spawn":4,"dixtas_armory:iron_katana":250,"minecraft:bread":48,"minecraft:string":1,"minecraft:gravel":48,"minecraft:diamond_sword":243,"born_in_chaos_v1:rotten_fish":1,"minecraft:chainmail_boots":1,"minecraft:smithing_table":1,"minecraft:andesite":33,"minecraft:oak_trapdoor":5,"minecraft:stone_sword":100,"simplyswords:iron_claymore":215,"minecraft:armor_stand":8,"minecraft:stone_shovel":39,"minecraft:spruce_planks":3,"vanillaplustools:stone_hammer":882,"minecraft:wooden_shovel":60,"born_in_chaos_v1:fried_maggot":87,"minecraft:stone_hoe":48,"minecraft:netherrack":241,"minecraft:torch":949,"minecraft:dirt":449,"minecraft:warped_wart_block":9,"minecraft:anvil":4,"minecraft:granite":1,"minecraft:wooden_axe":17,"minecraft:iron_axe":257,"minecraft:barrel":1,"undead_revamp2:arapholia":1,"minecraft:cooked_beef":8,"minecraft:cobbled_deepslate":312,"minecraft:cherry_log":2,"minecraft:pumpkin":1,"minecraft:iron_leggings":1,"minecraft:water_bucket":15,"rlovelyr:dragon_spawn":2,"minecraft:cobblestone_stairs":1,"minecraft:leather_boots":1,"minecraft:warped_roots":1,"minecraft:crafting_table":6,"vanillaplustools:stone_shovel":279,"minecraft:white_bed":26,"rlovelyr:kitsune_spawn":12,"minecraft:warped_planks":15,"rlovelyr:honey_spawn":18,"minecraft:apple":3,"minecraft:sunflower":2,"biomesoplenty:porous_flesh":12,"minecraft:iron_pickaxe":973,"minecraft:stone_axe":59,"minecraft:cobblestone":831,"minecraft:bucket":21,"minecraft:yellow_bed":7,"rlovelyr:bunny_spawn":17,"biomesoplenty:fir_log":6,"minecraft:chainmail_leggings":1},"minecraft:killed":{"fight_or_die:springer":41,"minecraft:zombified_piglin":11,"born_in_chaos_v1:zombie_lumberjack":1,"born_in_chaos_v1:restless_spirit":2,"minecraft:spider":2,"undead_revamp2:thesmoker":2,"minecraft:skeleton":4,"fight_or_die:mutated_fox":2,"born_in_chaos_v1:skeleton_thrasher":1,"undead_revamp2:therod":2,"fight_or_die:mutated_cow_head":8,"undead_revamp2:thespectre":1,"undead_revamp2:crackleball":1,"undead_revamp2:thespitter":1,"arphex:spider_larvae_tiny":4,"born_in_chaos_v1:bonescaller":1,"minecraft:pig":3,"born_in_chaos_v1:bone_imp":1,"undead_revamp2:theheavy":1,"fight_or_die:mutated_cow":5,"minecraft:creeper":8,"fight_or_die:mutated_enderman_head":1,"fight_or_die:mutated_villager":5,"minecraft:zombie":11,"minecraft:ghast":1,"born_in_chaos_v1:corpse_fly":2,"fight_or_die:mutated_player":4,"fight_or_die:mutated_enderman":3,"endofherobrine:cow":2,"arphex:spider_larvae":7,"born_in_chaos_v1:door_knight":1,"minecraft:cow":1,"fight_or_die:mutated_creeper":4,"fight_or_die:mutated_human_head":4,"undead_revamp2:thehunter":3,"undead_revamp2:theimmortal":1,"fight_or_die:mutated_pig":6,"born_in_chaos_v1:zombie_bruiser":1,"born_in_chaos_v1:firelight":2,"born_in_chaos_v1:maggot":14,"minecraft:phantom":3,"fight_or_die:mutated_sheep":7,"fight_or_die:mutated_human":17,"fight_or_die:shiller":10,"born_in_chaos_v1:corpse_fish":5,"minecraft:drowned":2,"undead_revamp2:sucker":20,"born_in_chaos_v1:barrel_zombie":2,"born_in_chaos_v1:baby_skeleton":2,"born_in_chaos_v1:swarmer":1,"undead_revamp2:the_moonflower":1,"minecraft:squid":1,"undead_revamp2:thesomnolence":7,"born_in_chaos_v1:bloody_gadfly":1,"born_in_chaos_v1:nightmare_stalker":1,"endofherobrine:sheep":1,"minecraft:wither_skeleton":1,"fight_or_die:mutated_player_head":1,"minecraft:enderman":1},"minecraft:custom":{"minecraft:animals_bred":3,"minecraft:interact_with_crafting_table":153,"minecraft:open_barrel":14,"minecraft:leave_game":26,"minecraft:time_since_death":12369,"minecraft:damage_resisted":359,"minecraft:sprint_one_cm":3015193,"minecraft:damage_blocked_by_shield":13792,"minecraft:drop":365,"minecraft:talked_to_villager":8,"minecraft:play_time":1310720,"minecraft:deaths":42,"minecraft:jump":18260,"minecraft:walk_on_water_one_cm":216955,"minecraft:enchant_item":2,"minecraft:interact_with_furnace":127,"minecraft:sleep_in_bed":56,"minecraft:damage_dealt":42390,"minecraft:player_kills":4,"minecraft:crouch_one_cm":81593,"minecraft:interact_with_smoker":96,"minecraft:horse_one_cm":344744,"minecraft:interact_with_smithing_table":2,"minecraft:interact_with_anvil":4,"minecraft:mob_kills":1494,"minecraft:damage_dealt_resisted":2486,"minecraft:climb_one_cm":273010,"minecraft:walk_one_cm":5415849,"minecraft:damage_dealt_absorbed":134,"minecraft:sneak_time":39614,"minecraft:walk_under_water_one_cm":221400,"minecraft:boat_one_cm":27540,"minecraft:total_world_time":1310720,"minecraft:time_since_rest":11937,"minecraft:trigger_trapped_chest":2,"minecraft:damage_taken":26456,"minecraft:swim_one_cm":83392,"minecraft:fly_one_cm":2651754,"minecraft:open_chest":793,"minecraft:fall_one_cm":361813},"minecraft:dropped":{"minecraft:iron_sword":1,"minecraft:warped_fungus":1,"minecraft:lapis_lazuli":3,"born_in_chaos_v1:fried_maggot":1,"minecraft:glass_bottle":2,"minecraft:warped_roots":13,"minecraft:cracked_stone_bricks":4,"born_in_chaos_v1:pieceofdarkmetal":4,"minecraft:flint":22,"born_in_chaos_v1:monster_flesh":2,"minecraft:dirt":541,"minecraft:seagrass":1,"minecraft:snowball":192,"minecraft:gold_nugget":3,"minecraft:sunflower":1,"minecraft:tube_coral":1,"minecraft:iron_pickaxe":3,"undead_revamp2:blacpetalblock":1,"paraglider:paraglider":1,"minecraft:fishing_rod":1,"minecraft:bone":7,"minecraft:gravel":330,"undead_revamp2:huntereye":1,"fight_or_die:rotten_brain":3,"minecraft:twisting_vines":1,"minecraft:wheat":1,"born_in_chaos_v1:ethereal_spirit":3,"minecraft:rotten_flesh":18,"born_in_chaos_v1:smoked_flesh":6,"minecraft:oak_planks":16,"minecraft:carrot":261,"patchouli:guide_book":1,"dixtas_armory:iron_katana":1,"minecraft:turtle_helmet":1,"born_in_chaos_v1:seedof_chaos":2,"minecraft:trident":1,"minecraft:gunpowder":4,"minecraft:chest":1,"vanillaplustools:stone_hammer":6,"apotheosis:gem":3,"minecraft:chainmail_boots":1,"fight_or_die:ripping_flesh":5,"minecraft:spruce_slab":2,"minecraft:arrow":8,"undead_revamp2:rawbostrox":1,"dixtas_armory:iron_battle_axe":2,"born_in_chaos_v1:dark_rod":1,"minecraft:water_bucket":1,"minecraft:stone_hoe":1,"born_in_chaos_v1:shattered_skull":1,"minecraft:wheat_seeds":36,"minecraft:cherry_log":1,"minecraft:iron_helmet":1,"minecraft:cobblestone":505,"minecraft:lead":7,"minecraft:grass_block":5,"minecraft:coal":83,"minecraft:stick":60,"minecraft:torch":128,"minecraft:iron_leggings":2,"minecraft:iron_axe":4,"minecraft:iron_shovel":1,"minecraft:chainmail_leggings":1,"minecraft:string":1,"minecraft:kelp":149,"minecraft:warped_nylium":2,"minecraft:stone_sword":3,"minecraft:tuff":5,"minecraft:raw_iron":4,"minecraft:chicken":1,"minecraft:iron_boots":1,"sophisticatedbackpacks:backpack":4,"minecraft:diamond_sword":2,"minecraft:potato":18,"simplyswords:iron_scythe":3,"minecraft:shield":3,"man:tearoftheman":1,"biomesoplenty:fir_planks":64,"undead_revamp2:heavytooth":1,"simplyswords:gold_katana":1,"minecraft:iron_chestplate":4,"minecraft:mossy_stone_bricks":1,"minecraft:andesite":1,"minecraft:oak_sapling":1,"minecraft:wooden_shovel":1,"minecraft:golden_sword":36,"minecraft:spider_eye":5,"minecraft:magma_block":8,"minecraft:spruce_log":1,"minecraft:bow":11,"fight_or_die:sickened_heart":2,"minecraft:stone_pickaxe":3,"minecraft:wooden_pickaxe":1,"simplyswords:iron_claymore":1},"minecraft:mined":{"undead_revamp2:arapholia":2,"deep_dark_regrowth:enlightened_deepslate":1,"minecraft:white_bed":18,"minecraft:spruce_planks":9,"minecraft:cobblestone_stairs":1,"minecraft:granite":10,"minecraft:grass_block":914,"minecraft:oxeye_daisy":5,"minecraft:chiseled_stone_bricks":1,"minecraft:tall_seagrass":2,"minecraft:magma_block":11,"minecraft:iron_ore":191,"fight_or_die:blood_splash1":51,"minecraft:fire":10,"minecraft:cobbled_deepslate":38,"minecraft:pumpkin":9,"biomesoplenty:flesh_tendons":1,"minecraft:anvil":4,"minecraft:deepslate_lapis_ore":19,"minecraft:azure_bluet":7,"minecraft:twisting_vines":4,"minecraft:cave_vines":1,"minecraft:spruce_slab":1,"minecraft:tripwire":1,"minecraft:deepslate_redstone_ore":37,"minecraft:torch":34,"minecraft:poppy":3,"minecraft:chest":5,"minecraft:nether_quartz_ore":20,"minecraft:cobblestone":88,"minecraft:sugar_cane":8,"minecraft:wall_torch":21,"minecraft:seagrass":1,"minecraft:warped_nylium":16,"biomesoplenty:hair":2,"minecraft:tnt":3,"biomesoplenty:fir_log":34,"minecraft:grass":128,"biomesoplenty:clover":2,"minecraft:oak_log":66,"minecraft:sand":24,"minecraft:dirt":1488,"biomesoplenty:fir_sapling":2,"minecraft:netherrack":193,"minecraft:oak_leaves":22,"minecraft:deepslate":1743,"minecraft:nether_gold_ore":5,"minecraft:tuff":137,"minecraft:deepslate_diamond_ore":15,"born_in_chaos_v1:infected_diamond_ore":3,"minecraft:glow_lichen":2,"biomesoplenty:bush":1,"minecraft:allium":9,"minecraft:crimson_roots":1,"minecraft:sandstone":12,"minecraft:hay_block":47,"minecraft:oak_trapdoor":1,"minecraft:furnace":1,"minecraft:carrots":137,"minecraft:nether_sprouts":4,"minecraft:snow":369,"minecraft:andesite":154,"biomesoplenty:flesh":75,"minecraft:gold_block":1,"biomesoplenty:sea_oats":2,"minecraft:bookshelf":11,"minecraft:deepslate_iron_ore":158,"minecraft:warped_stem":44,"biomesoplenty:flesh_tendons_strand":1,"biomesoplenty:barley":97,"minecraft:stone":4197,"biomesoplenty:porous_flesh":12,"minecraft:dandelion":18,"minecraft:crafting_table":1,"minecraft:cornflower":1,"biomesoplenty:fir_planks":1,"minecraft:warped_roots":12,"minecraft:copper_ore":25,"minecraft:tall_grass":27,"minecraft:deepslate_coal_ore":2,"biomesoplenty:sprout":4,"minecraft:deepslate_gold_ore":25,"minecraft:lapis_ore":34,"minecraft:diorite":57,"minecraft:warped_wart_block":9,"biomesoplenty:fir_fence":3,"fight_or_die:blood_splash2":70,"minecraft:yellow_bed":7,"minecraft:coal_ore":387,"minecraft:gravel":1474,"minecraft:sunflower":5,"minecraft:cracked_stone_bricks":7,"minecraft:stone_bricks":11,"minecraft:mossy_stone_bricks":3,"minecraft:gold_ore":7},"minecraft:broken":{"minecraft:iron_boots":1,"minecraft:iron_chestplate":1,"minecraft:iron_leggings":2,"minecraft:chainmail_boots":1,"minecraft:stone_pickaxe":1,"vanillaplustools:iron_shovel":2,"minecraft:golden_sword":1,"minecraft:stone_axe":1,"dixtas_armory:iron_katana":1,"minecraft:chainmail_helmet":2,"minecraft:wooden_pickaxe":1,"minecraft:shield":3,"vanillaplustools:stone_hammer":8,"minecraft:iron_axe":1,"minecraft:leather_boots":1,"minecraft:iron_helmet":1,"vanillaplustools:stone_shovel":1},"minecraft:crafted":{"minecraft:black_dye":1,"minecraft:smooth_stone":15,"minecraft:oak_planks":56,"minecraft:stone":64,"minecraft:warped_planks":28,"minecraft:glass":12,"minecraft:iron_boots":3,"sophisticatedbackpacks:copper_backpack":3,"minecraft:chest":13,"vanillaplustools:stone_shovel":7,"rlovelyr:vanilla_spawn":1,"minecraft:stone_hoe":1,"minecraft:magenta_dye":9,"biomesoplenty:fir_wood":3,"sophisticatedbackpacks:backpack":4,"minecraft:crafting_table":6,"simplyswords:iron_claymore":2,"minecraft:spruce_planks":8,"minecraft:wooden_pickaxe":1,"minecraft:iron_helmet":3,"minecraft:smithing_table":1,"minecraft:copper_ingot":64,"rlovelyr:bunny_spawn":2,"rlovelyr:kitsune_spawn":1,"biomesoplenty:fir_planks":376,"rlovelyr:bunny2_spawn":2,"minecraft:iron_chestplate":1,"rlovelyr:neko_spawn":2,"minecraft:yellow_dye":2,"minecraft:charcoal":6,"minecraft:shield":4,"minecraft:stick":588,"born_in_chaos_v1:smoked_flesh":302,"minecraft:iron_ingot":193,"minecraft:iron_pickaxe":1,"minecraft:stone_sword":4,"minecraft:gold_ingot":63,"minecraft:light_gray_dye":2,"rlovelyr:honey_spawn":3,"minecraft:shears":1,"minecraft:redstone":9,"minecraft:stone_shovel":64,"minecraft:fishing_rod":1,"minecraft:smooth_stone_slab":6,"vanillaplustools:stone_hammer":11,"minecraft:iron_nugget":9,"minecraft:furnace":5,"minecraft:oak_trapdoor":4,"minecraft:glass_pane":48,"minecraft:leather":4,"minecraft:ladder":18,"born_in_chaos_v1:fried_maggot":119,"minecraft:stone_pickaxe":101,"minecraft:redstone_block":16,"rlovelyr:dragon_spawn":1,"minecraft:lead":10,"sophisticatedbackpacks:iron_backpack":3,"minecraft:wheat":468,"minecraft:red_dye":1,"minecraft:diamond_sword":1,"biomesoplenty:fir_boat":1,"minecraft:iron_sword":1,"sophisticatedbackpacks:gold_backpack":3,"minecraft:bucket":2,"minecraft:stone_axe":2,"minecraft:bread":21,"minecraft:air":0,"minecraft:jungle_planks":4,"minecraft:blue_dye":1,"biomesoplenty:fir_fence":6,"minecraft:gold_nugget":45,"minecraft:wooden_axe":1,"minecraft:iron_leggings":3,"minecraft:armor_stand":6,"minecraft:white_bed":1,"minecraft:acacia_planks":8,"minecraft:torch":756,"biomesoplenty:fir_fence_gate":2,"rlovelyr:robot_core":15},"minecraft:picked_up":{"minecraft:seagrass":1,"minecraft:iron_chestplate":12,"minecraft:wheat":332,"minecraft:chainmail_boots":8,"minecraft:anvil":4,"gunscraft:pistol_ammo_provider":1,"minecraft:lead":100,"minecraft:diamond_sword":8,"rlovelyr:vanilla_spawn":1,"minecraft:turtle_egg":1,"minecraft:golden_sword":37,"minecraft:brewing_stand":1,"born_in_chaos_v1:black_argillite":4,"minecraft:string":44,"gunscraft:rifle_ammo_provider":1,"minecraft:raw_copper":98,"minecraft:iron_leggings":12,"minecraft:armor_stand":2,"minecraft:pufferfish":1,"minecraft:beetroot":1,"minecraft:gold_nugget":141,"minecraft:cobbled_deepslate":2957,"biomesoplenty:fir_planks":67,"minecraft:bucket":2,"minecraft:spruce_planks":9,"minecraft:wooden_shovel":3,"minecraft:iron_pickaxe":7,"minecraft:mangrove_log":1,"minecraft:iron_boots":4,"minecraft:furnace":1,"minecraft:stick":170,"apotheosis:gem":18,"born_in_chaos_v1:shattered_skull":5,"born_in_chaos_v1:phantom_powder":2,"minecraft:torch":194,"minecraft:acacia_log":2,"vanillaplustools:iron_shovel":1,"minecraft:porkchop":5,"minecraft:golden_axe":1,"minecraft:cherry_log":2,"minecraft:diorite":58,"born_in_chaos_v1:nightmare_claw":3,"minecraft:golden_chestplate":1,"born_in_chaos_v1:fried_maggot":1,"minecraft:stone_sword":9,"minecraft:rotten_flesh":404,"minecraft:tropical_fish":2,"minecraft:obsidian":1,"minecraft:cod":5,"undead_revamp2:arapholia":3,"minecraft:snowball":358,"minecraft:cobblestone":6093,"minecraft:birch_log":1,"minecraft:nautilus_shell":1,"minecraft:magma_block":7,"born_in_chaos_v1:staffof_magic_arrows":1,"minecraft:leather_chestplate":1,"minecraft:cooked_beef":9,"fight_or_die:springer_fragment":5,"minecraft:magma_cream":3,"minecraft:jungle_log":1,"minecraft:water_bucket":1,"minecraft:andesite":189,"minecraft:golden_leggings":4,"biomesoplenty:fir_sapling":36,"biomesoplenty:fir_log":425,"minecraft:flint":159,"minecraft:tuff":179,"undead_revamp2:huntereye":4,"minecraft:horn_coral":1,"minecraft:map":2,"minecraft:lapis_lazuli":509,"minecraft:dirt":2776,"gunscraft:cash":26,"born_in_chaos_v1:monster_skin":20,"minecraft:twisting_vines":1,"minecraft:leather_boots":1,"minecraft:glass":1,"minecraft:bone":166,"rlovelyr:neko_spawn":4,"undead_revamp2:blacpetalblock":1,"minecraft:bow":14,"minecraft:wheat_seeds":56,"biomesoplenty:fir_boat":2,"minecraft:raw_gold":41,"minecraft:mossy_stone_bricks":2,"simplyswords:gold_katana":1,"minecraft:oak_planks":12,"minecraft:warped_wart_block":9,"minecraft:sand":24,"biomesoplenty:fir_fence":3,"minecraft:ink_sac":3,"minecraft:grass_block":6,"minecraft:barrel":1,"undead_revamp2:heavytooth":4,"gunscraft:m82a1":1,"man:tearoftheman":3,"deep_dark_regrowth:etherium_gem":1,"born_in_chaos_v1:fire_dust":3,"minecraft:diamond":28,"minecraft:granite":9,"gunscraft:shotgun_ammo_provider":3,"minecraft:chainmail_helmet":2,"minecraft:bread":90,"minecraft:oak_sapling":22,"born_in_chaos_v1:rotten_fish":14,"minecraft:netherrack":259,"minecraft:crimson_roots":1,"undead_revamp2:bostroxingot":1,"minecraft:allium":9,"born_in_chaos_v1:diamond_termite_shard":3,"minecraft:azure_bluet":7,"minecraft:chicken":2,"minecraft:ladder":7,"born_in_chaos_v1:river_mint":1,"minecraft:turtle_helmet":5,"born_in_chaos_v1:seedof_chaos":4,"biomesoplenty:flesh":88,"minecraft:wooden_pickaxe":3,"minecraft:gold_block":2,"minecraft:shield":9,"minecraft:cornflower":1,"minecraft:oak_trapdoor":1,"minecraft:iron_axe":11,"minecraft:item_frame":8,"born_in_chaos_v1:intoxicating_decoction":6,"minecraft:iron_shovel":2,"born_in_chaos_v1:smoked_fish":6,"graveyard:corruption":1,"minecraft:cracked_stone_bricks":7,"minecraft:beef":34,"born_in_chaos_v1:gnawed_bones":7,"minecraft:spruce_slab":2,"minecraft:poppy":3,"minecraft:sugar_cane":23,"minecraft:chest":5,"minecraft:phantom_membrane":1,"minecraft:egg":31,"fight_or_die:ripping_flesh":68,"minecraft:raw_iron":377,"minecraft:sandstone":12,"fight_or_die:rotten_brain":13,"minecraft:copper_ingot":12,"sophisticatedbackpacks:backpack":3,"born_in_chaos_v1:pieceofdarkmetal":11,"minecraft:trident":1,"minecraft:carrot":503,"minecraft:redstone":184,"minecraft:prismarine_crystals":2,"minecraft:tnt":3,"minecraft:tube_coral":1,"minecraft:arrow":95,"minecraft:stone_shovel":3,"simplyswords:iron_scythe":2,"minecraft:hay_block":48,"born_in_chaos_v1:spiny_shell":21,"minecraft:gold_ingot":14,"minecraft:mutton":1,"minecraft:white_wool":5,"minecraft:oxeye_daisy":5,"born_in_chaos_v1:fused_bone":7,"born_in_chaos_v1:corpse_maggot":109,"born_in_chaos_v1:monster_flesh":13,"minecraft:salmon":1,"minecraft:leather":20,"rlovelyr:dragon_spawn":2,"minecraft:oak_log":66,"minecraft:chainmail_chestplate":5,"dixtas_armory:iron_battle_axe":1,"minecraft:golden_boots":1,"minecraft:yellow_bed":8,"minecraft:gunpowder":22,"minecraft:cobblestone_stairs":1,"rlovelyr:honey_spawn":18,"man:cassette_1safetyinstructions":3,"minecraft:apple":6,"minecraft:stone_bricks":8,"minecraft:kelp":282,"minecraft:warped_stem":46,"born_in_chaos_v1:smoked_flesh":13,"minecraft:iron_ingot":13,"minecraft:stone_pickaxe":4,"minecraft:glass_bottle":2,"fight_or_die:mutated_ender_pearl":1,"minecraft:iron_sword":4,"minecraft:book":38,"gunscraft:assault_rifle_ammo_provider":1,"minecraft:warped_fungus":1,"minecraft:chiseled_stone_bricks":1,"rlovelyr:bunny2_spawn":10,"minecraft:pumpkin":17,"born_in_chaos_v1:ethereal_spirit":15,"minecraft:quartz":25,"minecraft:dandelion":18,"minecraft:gravel":1358,"rlovelyr:kitsune_spawn":12,"born_in_chaos_v1:dark_rod":6,"biomesoplenty:porous_flesh":12,"born_in_chaos_v1:fangofthe_hound_leader":2,"rlovelyr:bunny_spawn":17,"minecraft:white_bed":26,"minecraft:spruce_log":3,"gunscraft:scar_h":1,"fight_or_die:sickened_heart":9,"minecraft:spider_eye":8,"undead_revamp2:rawbostrox":5,"gunscraft:m1911":1,"minecraft:slime_ball":16,"minecraft:stone_axe":3,"minecraft:chainmail_leggings":6,"dixtas_armory:iron_katana":1,"minecraft:iron_helmet":5,"minecraft:scute":1,"vanillaplustools:stone_hammer":9,"gunscraft:xm1014":1,"minecraft:warped_roots":14,"minecraft:baked_potato":10,"minecraft:warped_nylium":3,"minecraft:coal":501,"minecraft:sunflower":3,"minecraft:ender_pearl":5},"minecraft:killed_by":{"undead_revamp2:sucker":3,"undead_revamp2:the_moonflower":1,"minecraft:zombified_piglin":1,"fight_or_die:mutated_creeper":1,"fight_or_die:mutated_villager":1,"man:managgresive":3,"fight_or_die:mutated_human":1,"fight_or_die:mutated_enderman":7,"undead_revamp2:theswarmer":1,"fight_or_die:mutated_cow":1,"apollyon:the_damned":1,"fight_or_die:springer":4,"fight_or_die:mutated_player":4,"born_in_chaos_v1:corpse_fish":1,"arphex:spider_moth_larvae":1}},"DataVersion":3465}