{"stats":{"minecraft:killed":{"fight_or_die:springer":20,"born_in_chaos_v1:restless_spirit":1,"minecraft:skeleton":1,"born_in_chaos_v1:skeleton_thrasher":1,"fight_or_die:mutated_cow_head":2,"undead_revamp2:crackleball":1,"undead_revamp2:thespitter":1,"born_in_chaos_v1:bonescaller":1,"minecraft:pig":3,"undead_revamp2:theheavy":1,"fight_or_die:mutated_cow":2,"minecraft:creeper":3,"fight_or_die:mutated_enderman_head":1,"fight_or_die:mutated_villager":3,"minecraft:zombie":9,"born_in_chaos_v1:corpse_fly":1,"fight_or_die:mutated_player":1,"fight_or_die:mutated_enderman":1,"endofherobrine:cow":1,"born_in_chaos_v1:door_knight":1,"fight_or_die:mutated_creeper":1,"undead_revamp2:thehunter":1,"undead_revamp2:theimmortal":1,"fight_or_die:mutated_pig":1,"born_in_chaos_v1:maggot":6,"fight_or_die:shiller":5,"fight_or_die:mutated_human":5,"fight_or_die:mutated_sheep":2,"minecraft:drowned":2,"born_in_chaos_v1:corpse_fish":3,"undead_revamp2:sucker":3,"born_in_chaos_v1:barrel_zombie":2,"born_in_chaos_v1:swarmer":1,"undead_revamp2:the_moonflower":1,"born_in_chaos_v1:bloody_gadfly":1,"born_in_chaos_v1:nightmare_stalker":1,"minecraft:wither_skeleton":1,"fight_or_die:mutated_player_head":1},"minecraft:picked_up":{"minecraft:iron_chestplate":3,"minecraft:wheat":314,"minecraft:chainmail_boots":2,"minecraft:lead":1,"minecraft:diamond_sword":1,"minecraft:brewing_stand":1,"born_in_chaos_v1:black_argillite":4,"minecraft:string":4,"minecraft:raw_copper":25,"minecraft:iron_leggings":4,"minecraft:armor_stand":2,"minecraft:pufferfish":1,"minecraft:gold_nugget":3,"minecraft:cobbled_deepslate":2333,"biomesoplenty:fir_planks":66,"minecraft:bucket":2,"minecraft:wooden_shovel":3,"minecraft:iron_pickaxe":2,"minecraft:furnace":1,"minecraft:iron_boots":3,"minecraft:stick":155,"apotheosis:gem":2,"born_in_chaos_v1:shattered_skull":2,"minecraft:torch":173,"vanillaplustools:iron_shovel":1,"minecraft:porkchop":5,"minecraft:diorite":52,"minecraft:stone_sword":9,"minecraft:rotten_flesh":74,"minecraft:tropical_fish":1,"minecraft:cod":4,"undead_revamp2:arapholia":1,"minecraft:snowball":225,"minecraft:cobblestone":5324,"minecraft:nautilus_shell":1,"born_in_chaos_v1:staffof_magic_arrows":1,"minecraft:cooked_beef":9,"fight_or_die:springer_fragment":3,"minecraft:water_bucket":1,"minecraft:andesite":178,"biomesoplenty:fir_sapling":36,"biomesoplenty:fir_log":422,"minecraft:flint":116,"minecraft:tuff":71,"undead_revamp2:huntereye":3,"minecraft:horn_coral":1,"minecraft:map":2,"minecraft:lapis_lazuli":252,"minecraft:dirt":1810,"born_in_chaos_v1:monster_skin":1,"minecraft:bone":18,"minecraft:bow":1,"minecraft:wheat_seeds":38,"biomesoplenty:fir_boat":2,"minecraft:raw_gold":8,"minecraft:oak_planks":12,"minecraft:sand":22,"minecraft:ink_sac":2,"undead_revamp2:heavytooth":2,"man:tearoftheman":1,"minecraft:diamond":15,"minecraft:granite":8,"minecraft:bread":88,"minecraft:oak_sapling":10,"born_in_chaos_v1:rotten_fish":6,"minecraft:netherrack":1,"minecraft:ladder":6,"born_in_chaos_v1:river_mint":1,"born_in_chaos_v1:seedof_chaos":2,"minecraft:wooden_pickaxe":3,"minecraft:shield":4,"minecraft:oak_trapdoor":1,"minecraft:iron_axe":1,"born_in_chaos_v1:intoxicating_decoction":2,"born_in_chaos_v1:smoked_fish":6,"minecraft:beef":4,"born_in_chaos_v1:gnawed_bones":2,"minecraft:chest":2,"minecraft:sugar_cane":23,"minecraft:egg":18,"fight_or_die:ripping_flesh":12,"minecraft:raw_iron":206,"minecraft:sandstone":12,"fight_or_die:rotten_brain":2,"born_in_chaos_v1:pieceofdarkmetal":4,"minecraft:carrot":444,"minecraft:redstone":40,"minecraft:stone_shovel":3,"minecraft:arrow":7,"simplyswords:iron_scythe":2,"minecraft:hay_block":48,"minecraft:gold_ingot":5,"born_in_chaos_v1:corpse_maggot":16,"minecraft:leather":6,"rlovelyr:dragon_spawn":2,"minecraft:oak_log":23,"dixtas_armory:iron_battle_axe":1,"minecraft:gunpowder":4,"minecraft:cobblestone_stairs":1,"man:cassette_1safetyinstructions":3,"minecraft:apple":4,"born_in_chaos_v1:smoked_flesh":13,"minecraft:iron_ingot":3,"minecraft:stone_pickaxe":3,"minecraft:iron_sword":2,"minecraft:book":15,"minecraft:pumpkin":17,"born_in_chaos_v1:ethereal_spirit":2,"minecraft:gravel":910,"minecraft:white_bed":19,"fight_or_die:sickened_heart":2,"undead_revamp2:rawbostrox":1,"minecraft:slime_ball":1,"minecraft:stone_axe":2,"minecraft:chainmail_leggings":2,"dixtas_armory:iron_katana":1,"minecraft:iron_helmet":2,"vanillaplustools:stone_hammer":9,"minecraft:coal":385},"minecraft:custom":{"minecraft:animals_bred":1,"minecraft:interact_with_crafting_table":87,"minecraft:leave_game":18,"minecraft:time_since_death":14028,"minecraft:damage_resisted":0,"minecraft:sprint_one_cm":1118286,"minecraft:damage_blocked_by_shield":5100,"minecraft:drop":139,"minecraft:talked_to_villager":4,"minecraft:play_time":560522,"minecraft:deaths":17,"minecraft:jump":6607,"minecraft:walk_on_water_one_cm":49600,"minecraft:interact_with_furnace":67,"minecraft:sleep_in_bed":35,"minecraft:damage_dealt":15035,"minecraft:player_kills":2,"minecraft:crouch_one_cm":34532,"minecraft:interact_with_smoker":35,"minecraft:mob_kills":206,"minecraft:damage_dealt_resisted":1559,"minecraft:climb_one_cm":145137,"minecraft:walk_one_cm":2367951,"minecraft:sneak_time":17582,"minecraft:walk_under_water_one_cm":19292,"minecraft:boat_one_cm":27540,"minecraft:total_world_time":560522,"minecraft:time_since_rest":14058,"minecraft:damage_taken":8258,"minecraft:swim_one_cm":5655,"minecraft:fly_one_cm":785787,"minecraft:open_chest":301,"minecraft:fall_one_cm":119833},"minecraft:broken":{"minecraft:stone_pickaxe":1,"vanillaplustools:iron_shovel":1,"minecraft:stone_axe":1,"minecraft:wooden_pickaxe":1,"minecraft:shield":1,"vanillaplustools:stone_hammer":7,"vanillaplustools:stone_shovel":1},"minecraft:crafted":{"minecraft:oak_planks":56,"minecraft:smooth_stone":3,"minecraft:stone":15,"minecraft:glass":12,"minecraft:iron_boots":3,"minecraft:chest":5,"vanillaplustools:stone_shovel":3,"minecraft:stone_hoe":1,"minecraft:crafting_table":2,"simplyswords:iron_claymore":2,"minecraft:wooden_pickaxe":1,"minecraft:iron_helmet":3,"biomesoplenty:fir_planks":216,"rlovelyr:neko_spawn":1,"minecraft:iron_chestplate":1,"minecraft:charcoal":6,"minecraft:shield":3,"minecraft:stick":340,"born_in_chaos_v1:smoked_flesh":19,"minecraft:iron_ingot":55,"minecraft:iron_pickaxe":1,"minecraft:stone_sword":2,"minecraft:gold_ingot":3,"rlovelyr:honey_spawn":1,"minecraft:stone_shovel":27,"minecraft:fishing_rod":1,"minecraft:smooth_stone_slab":6,"vanillaplustools:stone_hammer":11,"minecraft:iron_nugget":9,"minecraft:furnace":5,"minecraft:oak_trapdoor":4,"minecraft:glass_pane":16,"minecraft:ladder":18,"born_in_chaos_v1:fried_maggot":11,"minecraft:stone_pickaxe":101,"minecraft:redstone_block":3,"rlovelyr:dragon_spawn":1,"minecraft:wheat":432,"minecraft:diamond_sword":1,"biomesoplenty:fir_boat":1,"minecraft:iron_sword":1,"minecraft:bucket":2,"minecraft:stone_axe":2,"minecraft:bread":21,"minecraft:air":0,"minecraft:gold_nugget":9,"minecraft:wooden_axe":1,"minecraft:iron_leggings":3,"minecraft:armor_stand":6,"minecraft:torch":320,"biomesoplenty:fir_fence_gate":2,"rlovelyr:robot_core":3},"minecraft:dropped":{"minecraft:iron_sword":1,"minecraft:lapis_lazuli":2,"born_in_chaos_v1:pieceofdarkmetal":4,"minecraft:flint":22,"born_in_chaos_v1:monster_flesh":2,"minecraft:dirt":13,"minecraft:snowball":59,"minecraft:gold_nugget":3,"minecraft:iron_pickaxe":1,"paraglider:paraglider":1,"minecraft:fishing_rod":1,"minecraft:bone":7,"minecraft:gravel":306,"undead_revamp2:huntereye":1,"minecraft:wheat":1,"born_in_chaos_v1:ethereal_spirit":2,"minecraft:rotten_flesh":18,"minecraft:oak_planks":16,"minecraft:carrot":207,"patchouli:guide_book":1,"dixtas_armory:iron_katana":1,"minecraft:turtle_helmet":1,"born_in_chaos_v1:seedof_chaos":2,"minecraft:gunpowder":2,"minecraft:chest":1,"apotheosis:gem":2,"vanillaplustools:stone_hammer":6,"fight_or_die:ripping_flesh":2,"minecraft:arrow":1,"undead_revamp2:rawbostrox":1,"dixtas_armory:iron_battle_axe":2,"minecraft:stone_hoe":1,"minecraft:water_bucket":1,"born_in_chaos_v1:shattered_skull":1,"minecraft:wheat_seeds":19,"minecraft:cherry_log":1,"minecraft:iron_helmet":1,"minecraft:cobblestone":419,"minecraft:coal":83,"minecraft:stick":60,"minecraft:torch":128,"minecraft:iron_leggings":1,"minecraft:iron_axe":2,"minecraft:chainmail_leggings":1,"minecraft:string":1,"minecraft:stone_sword":2,"minecraft:raw_iron":4,"minecraft:iron_boots":1,"minecraft:potato":18,"simplyswords:iron_scythe":3,"minecraft:shield":2,"man:tearoftheman":1,"biomesoplenty:fir_planks":64,"undead_revamp2:heavytooth":1,"minecraft:wooden_shovel":1,"minecraft:stone_pickaxe":2,"minecraft:wooden_pickaxe":1,"simplyswords:iron_claymore":1},"minecraft:killed_by":{"undead_revamp2:sucker":2,"fight_or_die:mutated_villager":1,"man:managgresive":1,"fight_or_die:mutated_human":1,"fight_or_die:mutated_enderman":1,"undead_revamp2:theswarmer":1,"fight_or_die:mutated_cow":1,"fight_or_die:springer":3,"fight_or_die:mutated_player":1,"arphex:spider_moth_larvae":1},"minecraft:mined":{"undead_revamp2:arapholia":1,"minecraft:white_bed":14,"minecraft:cobblestone_stairs":1,"minecraft:granite":9,"minecraft:grass_block":640,"fight_or_die:blood_splash1":11,"minecraft:iron_ore":173,"minecraft:cobbled_deepslate":12,"minecraft:pumpkin":9,"minecraft:deepslate_lapis_ore":11,"minecraft:cave_vines":1,"minecraft:deepslate_redstone_ore":6,"minecraft:torch":26,"minecraft:chest":2,"minecraft:cobblestone":84,"minecraft:sugar_cane":8,"minecraft:wall_torch":17,"biomesoplenty:fir_log":31,"minecraft:grass":72,"minecraft:oak_log":23,"minecraft:sand":22,"minecraft:dirt":765,"biomesoplenty:fir_sapling":2,"minecraft:oak_leaves":3,"minecraft:deepslate":1142,"minecraft:tuff":35,"minecraft:deepslate_diamond_ore":4,"minecraft:glow_lichen":1,"minecraft:sandstone":12,"minecraft:hay_block":47,"minecraft:oak_trapdoor":1,"minecraft:furnace":1,"minecraft:carrots":123,"minecraft:snow":227,"minecraft:andesite":142,"minecraft:bookshelf":4,"minecraft:deepslate_iron_ore":29,"minecraft:stone":3925,"minecraft:crafting_table":1,"minecraft:tall_grass":20,"minecraft:copper_ore":6,"minecraft:lapis_ore":13,"minecraft:deepslate_gold_ore":8,"minecraft:diorite":49,"fight_or_die:blood_splash2":10,"minecraft:coal_ore":322,"minecraft:gravel":959},"minecraft:used":{"minecraft:ladder":5,"minecraft:chest":7,"minecraft:shield":145,"minecraft:iron_sword":221,"minecraft:iron_chestplate":1,"minecraft:carrot":252,"minecraft:tuff":9,"minecraft:snowball":1,"vanillaplustools:iron_shovel":258,"born_in_chaos_v1:smoked_flesh":13,"minecraft:lava_bucket":5,"biomesoplenty:fir_sapling":36,"minecraft:furnace":5,"biomesoplenty:fir_fence_gate":2,"minecraft:egg":4,"minecraft:diorite":23,"minecraft:stone_pickaxe":226,"minecraft:wooden_pickaxe":65,"biomesoplenty:fir_boat":2,"minecraft:sugar_cane":1,"minecraft:bread":48,"minecraft:gravel":48,"minecraft:diamond_sword":40,"minecraft:andesite":24,"minecraft:oak_trapdoor":5,"simplyswords:iron_claymore":94,"minecraft:stone_sword":84,"minecraft:armor_stand":8,"minecraft:stone_shovel":39,"vanillaplustools:stone_hammer":756,"minecraft:wooden_shovel":60,"born_in_chaos_v1:fried_maggot":11,"minecraft:stone_hoe":48,"minecraft:torch":452,"minecraft:dirt":283,"minecraft:wooden_axe":17,"minecraft:iron_axe":7,"undead_revamp2:arapholia":1,"minecraft:cooked_beef":8,"minecraft:cobbled_deepslate":229,"minecraft:pumpkin":1,"minecraft:water_bucket":15,"rlovelyr:dragon_spawn":2,"minecraft:cobblestone_stairs":1,"minecraft:crafting_table":2,"vanillaplustools:stone_shovel":186,"minecraft:white_bed":17,"minecraft:apple":1,"minecraft:iron_pickaxe":245,"minecraft:stone_axe":59,"minecraft:cobblestone":736,"minecraft:bucket":21}},"DataVersion":3465}